itemID|demandPrediction
1|12
2|9
3|3
4|5
5|10
6|10
7|8
8|11
9|1
10|7
11|9
12|11
13|5
14|8
15|0
16|3
17|8
18|4
19|3
20|0
21|2
22|4
23|7
24|11
25|8
26|63
27|229
28|9
29|141
30|9
31|8
32|8
33|7
34|8
35|60
36|0
37|1
38|3
39|1
40|1
41|1
42|8
43|5
44|8
45|12
46|11
47|4
48|9
49|9
50|1
51|2
52|6
53|9
54|11
55|11
56|11
57|0
58|13
59|1
60|3
61|6
62|8
63|0
64|1
65|10
66|4
67|8
68|9
69|8
70|1
71|0
72|8
73|11
74|7
75|149
76|1
77|1
78|9
79|67
80|4
81|2
82|11
83|1
84|4
85|5
86|4
87|81
88|1
89|1
90|8
91|0
92|155
93|6
94|0
95|6
96|8
97|8
98|2
99|0
100|8
101|7
102|3
103|2
104|8
105|62
106|7
107|121
108|11
109|9
110|1
111|65
112|4
113|8
114|142
115|137
116|0
117|4
118|4
119|0
120|10
121|9
122|12
123|8
124|8
125|161
126|139
127|0
128|2
129|2
130|8
131|1
132|3
133|6
134|0
135|7
136|192
137|8
138|10
139|2
140|26
141|2
142|0
143|6
144|1
145|4
146|81
147|40
148|8
149|5
150|0
151|10
152|8
153|5
154|6
155|1
156|6
157|4
158|5
159|8
160|4
161|8
162|4
163|9
164|124
165|31
166|1
167|6
168|106
169|2
170|127
171|144
172|9
173|7
174|174
175|11
176|8
177|8
178|2
179|2
180|4
181|11
182|10
183|11
184|9
185|9
186|9
187|7
188|7
189|7
190|3
191|12
192|8
193|2
194|2
195|4
196|2
197|1
198|0
199|2
200|1
201|131
202|8
203|4
204|67
205|10
206|12
207|11
208|11
209|9
210|171
211|19
212|7
213|8
214|10
215|8
216|1
217|10
218|4
219|7
220|61
221|108
222|5
223|7
224|8
225|3
226|6
227|2
228|9
229|0
230|8
231|0
232|9
233|9
234|10
235|12
236|8
237|7
238|1
239|8
240|3
241|10
242|2
243|0
244|5
245|1
246|0
247|3
248|2
249|4
250|2
251|3
252|2
253|1
254|3
255|1
256|0
257|5
258|123
259|2
260|1
261|2
262|8
263|2
264|1
265|0
266|0
267|0
268|39
269|8
270|4
271|8
272|7
273|3
274|63
275|4
276|0
277|0
278|8
279|4
280|11
281|11
282|11
283|109
284|2
285|53
286|8
287|8
288|11
289|7
290|8
291|2
292|7
293|1
294|139
295|8
296|9
297|7
298|2
299|4
300|2
301|2
302|8
303|77
304|0
305|0
306|2
307|11
308|9
309|2
310|47
311|1
312|0
313|1
314|0
315|10
316|4
317|1
318|2
319|5
320|93
321|33
322|1
323|7
324|10
325|10
326|5
327|8
328|9
329|1
330|2
331|66
332|9
333|54
334|2
335|3
336|8
337|8
338|7
339|8
340|4
341|9
342|11
343|147
344|2
345|2
346|5
347|7
348|7
349|2
350|4
351|63
352|1
353|0
354|100
355|8
356|5
357|98
358|128
359|112
360|4
361|9
362|8
363|8
364|2
365|0
366|9
367|9
368|7
369|5
370|7
371|2
372|11
373|8
374|2
375|3
376|7
377|2
378|11
379|11
380|12
381|7
382|10
383|52
384|2
385|9
386|104
387|8
388|7
389|2
390|7
391|2
392|59
393|93
394|63
395|1
396|2
397|0
398|9
399|2
400|8
401|4
402|2
403|0
404|1
405|3
406|4
407|2
408|8
409|6
410|1
411|2
412|0
413|0
414|1
415|0
416|0
417|2
418|2
419|8
420|7
421|10
422|58
423|2
424|2
425|2
426|50
427|70
428|9
429|2
430|0
431|2
432|10
433|9
434|3
435|11
436|8
437|11
438|4
439|11
440|2
441|126
442|6
443|3
444|3
445|3
446|3
447|2
448|103
449|2
450|8
451|10
452|8
453|8
454|8
455|2
456|6
457|1
458|2
459|4
460|52
461|34
462|2
463|1
464|3
465|31
466|56
467|32
468|1
469|7
470|126
471|180
472|9
473|6
474|0
475|9
476|7
477|192
478|3
479|2
480|0
481|1
482|5
483|0
484|7
485|2
486|8
487|10
488|7
489|9
490|8
491|10
492|2
493|2
494|8
495|11
496|8
497|33
498|1
499|42
500|1
501|46
502|64
503|2
504|81
505|7
506|0
507|108
508|7
509|152
510|194
511|2
512|2
513|2
514|2
515|2
516|100
517|2
518|136
519|2
520|7
521|7
522|10
523|7
524|2
525|11
526|5
527|1
528|6
529|2
530|8
531|4
532|0
533|1
534|4
535|3
536|8
537|0
538|1
539|1
540|9
541|3
542|58
543|4
544|127
545|8
546|8
547|0
548|1
549|1
550|0
551|1
552|4
553|0
554|2
555|172
556|3
557|3
558|1
559|2
560|4
561|1
562|4
563|4
564|5
565|1
566|1
567|3
568|4
569|8
570|7
571|54
572|1
573|69
574|5
575|3
576|40
577|3
578|60
579|3
580|6
581|45
582|62
583|1
584|76
585|126
586|1
587|1
588|8
589|1
590|4
591|2
592|7
593|146
594|2
595|9
596|7
597|8
598|10
599|2
600|163
601|10
602|166
603|8
604|1
605|5
606|9
607|6
608|5
609|8
610|8
611|2
612|12
613|8
614|8
615|9
616|116
617|175
618|191
619|8
620|2
621|2
622|2
623|2
624|2
625|8
626|14
627|1
628|71
629|55
630|1
631|69
632|7
633|113
634|1
635|8
636|243
637|71
638|1
639|3
640|10
641|2
642|11
643|4
644|5
645|6
646|6
647|8
648|77
649|3
650|5
651|9
652|1
653|2
654|2
655|0
656|2
657|5
658|4
659|5
660|0
661|4
662|2
663|0
664|1
665|4
666|114
667|8
668|0
669|5
670|11
671|2
672|42
673|126
674|12
675|11
676|7
677|8
678|2
679|175
680|199
681|1
682|3
683|12
684|10
685|8
686|10
687|10
688|1
689|3
690|2
691|1
692|3
693|5
694|2
695|6
696|7
697|2
698|4
699|1
700|4
701|1
702|9
703|7
704|7
705|8
706|175
707|7
708|9
709|193
710|9
711|1
712|1
713|2
714|8
715|5
716|2
717|3
718|4
719|8
720|2
721|9
722|3
723|8
724|8
725|26
726|3
727|61
728|2
729|1
730|5
731|4
732|4
733|4
734|2
735|2
736|1
737|1
738|2
739|2
740|2
741|1
742|2
743|2
744|2
745|2
746|0
747|0
748|0
749|2
750|0
751|1
752|1
753|1
754|1
755|0
756|0
757|0
758|0
759|4
760|138
761|3
762|7
763|7
764|12
765|10
766|183
767|1
768|9
769|8
770|1
771|1
772|0
773|0
774|1
775|1
776|2
777|5
778|5
779|2
780|1
781|8
782|2
783|10
784|2
785|84
786|168
787|8
788|8
789|8
790|173
791|7
792|11
793|1
794|5
795|4
796|0
797|7
798|7
799|6
800|2
801|10
802|7
803|106
804|7
805|8
806|2
807|9
808|5
809|59
810|7
811|8
812|8
813|2
814|101
815|113
816|2
817|6
818|1
819|7
820|0
821|0
822|8
823|7
824|11
825|9
826|11
827|6
828|1
829|136
830|3
831|6
832|2
833|8
834|137
835|5
836|7
837|4
838|4
839|7
840|4
841|1
842|4
843|0
844|0
845|1
846|161
847|7
848|2
849|8
850|2
851|4
852|4
853|1
854|123
855|8
856|8
857|8
858|218
859|137
860|142
861|11
862|2
863|2
864|2
865|4
866|0
867|2
868|1
869|7
870|1
871|6
872|1
873|0
874|0
875|2
876|10
877|8
878|7
879|8
880|8
881|8
882|1
883|8
884|4
885|2
886|4
887|1
888|1
889|0
890|2
891|4
892|1
893|1
894|2
895|1
896|5
897|1
898|2
899|5
900|1
901|54
902|0
903|6
904|5
905|3
906|1
907|5
908|40
909|6
910|1
911|3
912|2
913|5
914|6
915|3
916|2
917|2
918|1
919|3
920|1
921|0
922|3
923|6
924|0
925|4
926|1
927|0
928|151
929|8
930|1
931|7
932|7
933|10
934|10
935|119
936|10
937|7
938|7
939|5
940|0
941|8
942|10
943|138
944|8
945|2
946|9
947|2
948|1
949|2
950|8
951|5
952|8
953|2
954|3
955|1
956|1
957|1
958|2
959|1
960|1
961|16
962|1
963|1
964|32
965|2
966|1
967|2
968|7
969|2
970|1
971|1
972|9
973|6
974|2
975|0
976|5
977|5
978|1
979|2
980|7
981|6
982|6
983|0
984|0
985|3
986|3
987|2
988|1
989|2
990|1
991|0
992|1
993|1
994|11
995|11
996|11
997|0
998|6
999|0
1000|1
1001|1
1002|2
1003|7
1004|8
1005|1
1006|1
1007|1
1008|127
1009|81
1010|5
1011|1
1012|2
1013|2
1014|6
1015|1
1016|8
1017|6
1018|1
1019|7
1020|7
1021|77
1022|8
1023|1
1024|1
1025|2
1026|7
1027|7
1028|2
1029|11
1030|8
1031|9
1032|3
1033|5
1034|8
1035|45
1036|1
1037|8
1038|10
1039|11
1040|1
1041|5
1042|0
1043|8
1044|1
1045|1
1046|6
1047|1
1048|1
1049|6
1050|3
1051|6
1052|5
1053|47
1054|2
1055|1
1056|1
1057|1
1058|6
1059|1
1060|2
1061|71
1062|95
1063|6
1064|2
1065|3
1066|1
1067|6
1068|6
1069|109
1070|2
1071|2
1072|117
1073|2
1074|142
1075|1
1076|2
1077|0
1078|3
1079|1
1080|5
1081|1
1082|10
1083|10
1084|8
1085|2
1086|11
1087|2
1088|7
1089|8
1090|4
1091|8
1092|114
1093|6
1094|8
1095|9
1096|5
1097|2
1098|10
1099|11
1100|2
1101|7
1102|0
1103|2
1104|7
1105|8
1106|2
1107|6
1108|7
1109|4
1110|2
1111|0
1112|0
1113|1
1114|2
1115|2
1116|8
1117|105
1118|87
1119|1
1120|0
1121|0
1122|2
1123|5
1124|2
1125|1
1126|2
1127|1
1128|2
1129|2
1130|1
1131|7
1132|2
1133|8
1134|2
1135|1
1136|2
1137|116
1138|5
1139|10
1140|11
1141|8
1142|8
1143|10
1144|7
1145|65
1146|7
1147|9
1148|7
1149|10
1150|1
1151|2
1152|113
1153|8
1154|1
1155|1
1156|0
1157|1
1158|1
1159|2
1160|7
1161|1
1162|0
1163|0
1164|1
1165|1
1166|1
1167|3
1168|2
1169|5
1170|1
1171|1
1172|4
1173|6
1174|1
1175|2
1176|1
1177|77
1178|1
1179|2
1180|1
1181|2
1182|2
1183|1
1184|2
1185|1
1186|0
1187|1
1188|1
1189|2
1190|3
1191|3
1192|2
1193|7
1194|2
1195|1
1196|3
1197|1
1198|1
1199|1
1200|3
1201|1
1202|1
1203|3
1204|2
1205|5
1206|3
1207|0
1208|2
1209|3
1210|3
1211|3
1212|1
1213|4
1214|1
1215|1
1216|41
1217|0
1218|6
1219|1
1220|8
1221|1
1222|8
1223|2
1224|10
1225|5
1226|11
1227|10
1228|5
1229|8
1230|11
1231|8
1232|2
1233|11
1234|1
1235|8
1236|2
1237|2
1238|2
1239|8
1240|2
1241|9
1242|2
1243|3
1244|74
1245|8
1246|7
1247|9
1248|6
1249|6
1250|122
1251|9
1252|2
1253|3
1254|85
1255|6
1256|3
1257|48
1258|62
1259|2
1260|1
1261|2
1262|47
1263|33
1264|1
1265|1
1266|1
1267|1
1268|1
1269|2
1270|54
1271|1
1272|1
1273|4
1274|5
1275|2
1276|6
1277|2
1278|1
1279|4
1280|1
1281|2
1282|2
1283|4
1284|4
1285|2
1286|4
1287|4
1288|96
1289|1
1290|2
1291|86
1292|2
1293|7
1294|8
1295|6
1296|6
1297|3
1298|7
1299|7
1300|8
1301|7
1302|10
1303|2
1304|2
1305|2
1306|2
1307|2
1308|3
1309|2
1310|7
1311|1
1312|12
1313|7
1314|7
1315|6
1316|8
1317|1
1318|7
1319|8
1320|74
1321|1
1322|8
1323|11
1324|7
1325|98
1326|2
1327|2
1328|2
1329|11
1330|8
1331|11
1332|8
1333|9
1334|156
1335|10
1336|122
1337|139
1338|10
1339|3
1340|179
1341|3
1342|3
1343|77
1344|3
1345|67
1346|3
1347|124
1348|0
1349|18
1350|1
1351|1
1352|1
1353|76
1354|2
1355|2
1356|7
1357|2
1358|8
1359|2
1360|6
1361|6
1362|6
1363|8
1364|1
1365|2
1366|2
1367|8
1368|0
1369|7
1370|2
1371|5
1372|3
1373|3
1374|2
1375|2
1376|141
1377|2
1378|3
1379|60
1380|3
1381|2
1382|33
1383|8
1384|1
1385|0
1386|1
1387|1
1388|1
1389|0
1390|5
1391|1
1392|7
1393|1
1394|6
1395|2
1396|164
1397|2
1398|63
1399|39
1400|1
1401|0
1402|1
1403|1
1404|93
1405|101
1406|1
1407|38
1408|33
1409|0
1410|2
1411|0
1412|101
1413|32
1414|71
1415|30
1416|0
1417|34
1418|83
1419|2
1420|0
1421|1
1422|0
1423|0
1424|0
1425|2
1426|65
1427|2
1428|63
1429|60
1430|2
1431|1
1432|1
1433|0
1434|2
1435|8
1436|20
1437|0
1438|1
1439|1
1440|2
1441|1
1442|0
1443|2
1444|2
1445|2
1446|2
1447|7
1448|7
1449|2
1450|2
1451|6
1452|2
1453|3
1454|5
1455|1
1456|2
1457|1
1458|0
1459|1
1460|1
1461|0
1462|0
1463|0
1464|2
1465|0
1466|0
1467|1
1468|0
1469|129
1470|1
1471|1
1472|1
1473|1
1474|1
1475|2
1476|3
1477|11
1478|8
1479|6
1480|9
1481|4
1482|2
1483|8
1484|4
1485|3
1486|4
1487|6
1488|5
1489|0
1490|2
1491|4
1492|123
1493|2
1494|5
1495|2
1496|24
1497|2
1498|1
1499|36
1500|1
1501|82
1502|2
1503|2
1504|2
1505|0
1506|2
1507|3
1508|3
1509|2
1510|3
1511|3
1512|5
1513|8
1514|2
1515|165
1516|8
1517|0
1518|0
1519|1
1520|8
1521|1
1522|2
1523|2
1524|0
1525|2
1526|7
1527|0
1528|1
1529|8
1530|0
1531|2
1532|29
1533|7
1534|1
1535|1
1536|1
1537|0
1538|7
1539|6
1540|7
1541|3
1542|3
1543|4
1544|6
1545|4
1546|7
1547|7
1548|9
1549|3
1550|3
1551|10
1552|2
1553|54
1554|2
1555|2
1556|2
1557|2
1558|2
1559|2
1560|2
1561|85
1562|46
1563|1
1564|7
1565|84
1566|7
1567|47
1568|45
1569|85
1570|51
1571|119
1572|1
1573|40
1574|44
1575|2
1576|2
1577|114
1578|2
1579|102
1580|54
1581|45
1582|44
1583|67
1584|2
1585|1
1586|1
1587|1
1588|3
1589|58
1590|57
1591|63
1592|68
1593|3
1594|79
1595|59
1596|2
1597|44
1598|81
1599|86
1600|112
1601|56
1602|59
1603|79
1604|1
1605|3
1606|74
1607|66
1608|2
1609|2
1610|2
1611|74
1612|2
1613|18
1614|20
1615|1
1616|1
1617|1
1618|22
1619|42
1620|2
1621|65
1622|0
1623|0
1624|0
1625|29
1626|3
1627|4
1628|7
1629|2
1630|93
1631|2
1632|1
1633|1
1634|0
1635|1
1636|24
1637|2
1638|103
1639|25
1640|0
1641|50
1642|66
1643|2
1644|79
1645|65
1646|77
1647|33
1648|38
1649|44
1650|49
1651|68
1652|0
1653|54
1654|35
1655|76
1656|57
1657|11
1658|44
1659|47
1660|57
1661|61
1662|45
1663|57
1664|0
1665|132
1666|80
1667|77
1668|0
1669|22
1670|118
1671|0
1672|0
1673|3
1674|2
1675|2
1676|2
1677|1
1678|2
1679|2
1680|2
1681|2
1682|2
1683|106
1684|2
1685|6
1686|2
1687|2
1688|2
1689|139
1690|3
1691|3
1692|2
1693|3
1694|12
1695|4
1696|3
1697|3
1698|3
1699|2
1700|3
1701|2
1702|3
1703|3
1704|3
1705|3
1706|3
1707|2
1708|3
1709|3
1710|110
1711|97
1712|103
1713|94
1714|76
1715|98
1716|92
1717|0
1718|0
1719|93
1720|52
1721|107
1722|0
1723|0
1724|1
1725|0
1726|8
1727|0
1728|0
1729|0
1730|1
1731|1
1732|0
1733|1
1734|0
1735|1
1736|22
1737|0
1738|20
1739|21
1740|0
1741|0
1742|73
1743|43
1744|53
1745|0
1746|80
1747|0
1748|46
1749|79
1750|91
1751|61
1752|49
1753|0
1754|0
1755|0
1756|18
1757|23
1758|27
1759|0
1760|23
1761|78
1762|0
1763|32
1764|0
1765|40
1766|0
1767|22
1768|2
1769|10
1770|0
1771|1
1772|1
1773|1
1774|1
1775|1
1776|3
1777|2
1778|1
1779|96
1780|100
1781|7
1782|0
1783|1
1784|1
1785|1
1786|1
1787|27
1788|26
1789|0
1790|27
1791|9
1792|0
1793|0
1794|0
1795|0
1796|100
1797|47
1798|58
1799|0
1800|127
1801|0
1802|79
1803|0
1804|120
1805|0
1806|1
1807|4
1808|4
1809|4
1810|4
1811|4
1812|4
1813|4
1814|3
1815|108
1816|8
1817|2
1818|139
1819|168
1820|9
1821|184
1822|13
1823|166
1824|8
1825|8
1826|8
1827|2
1828|3
1829|55
1830|11
1831|3
1832|2
1833|7
1834|78
1835|3
1836|85
1837|206
1838|2
1839|150
1840|10
1841|12
1842|5
1843|8
1844|133
1845|93
1846|3
1847|118
1848|5
1849|70
1850|66
1851|10
1852|4
1853|9
1854|12
1855|2
1856|7
1857|2
1858|13
1859|10
1860|9
1861|19
1862|12
1863|10
1864|2
1865|3
1866|4
1867|3
1868|11
1869|11
1870|3
1871|9
1872|4
1873|17
1874|5
1875|5
1876|11
1877|108
1878|102
1879|98
1880|125
1881|8
1882|8
1883|1
1884|11
1885|10
1886|3
1887|284
1888|0
1889|3
1890|4
1891|3
1892|9
1893|2
1894|4
1895|103
1896|3
1897|3
1898|3
1899|3
1900|2
1901|2
1902|3
1903|6
1904|4
1905|2
1906|1
1907|3
1908|3
1909|3
1910|119
1911|10
1912|3
1913|6
1914|6
1915|8
1916|9
1917|8
1918|2
1919|8
1920|8
1921|193
1922|9
1923|8
1924|2
1925|6
1926|8
1927|2
1928|2
1929|3
1930|74
1931|238
1932|95
1933|101
1934|140
1935|2
1936|2
1937|81
1938|107
1939|116
1940|224
1941|67
1942|117
1943|0
1944|7
1945|9
1946|7
1947|7
1948|1
1949|8
1950|7
1951|2
1952|1
1953|10
1954|10
1955|9
1956|6
1957|7
1958|5
1959|5
1960|2
1961|2
1962|10
1963|4
1964|11
1965|11
1966|9
1967|9
1968|8
1969|12
1970|8
1971|10
1972|12
1973|1
1974|10
1975|7
1976|9
1977|8
1978|6
1979|9
1980|10
1981|74
1982|2
1983|10
1984|3
1985|10
1986|216
1987|4
1988|3
1989|7
1990|158
1991|82
1992|3
1993|2
1994|2
1995|3
1996|6
1997|2
1998|12
1999|10
2000|10
2001|10
2002|9
2003|8
2004|10
2005|9
2006|9
2007|10
2008|9
2009|9
2010|153
2011|10
2012|7
2013|11
2014|10
2015|3
2016|11
2017|10
2018|3
2019|2
2020|7
2021|224
2022|182
2023|7
2024|11
2025|116
2026|111
2027|3
2028|10
2029|3
2030|11
2031|12
2032|7
2033|6
2034|11
2035|7
2036|122
2037|6
2038|10
2039|10
2040|97
2041|9
2042|14
2043|8
2044|77
2045|6
2046|8
2047|8
2048|14
2049|9
2050|4
2051|200
2052|10
2053|10
2054|10
2055|9
2056|8
2057|10
2058|7
2059|10
2060|8
2061|25
2062|10
2063|1
2064|90
2065|8
2066|8
2067|8
2068|10
2069|2
2070|7
2071|11
2072|9
2073|155
2074|11
2075|2
2076|6
2077|4
2078|10
2079|8
2080|8
2081|8
2082|7
2083|11
2084|8
2085|6
2086|5
2087|10
2088|10
2089|10
2090|6
2091|2
2092|86
2093|11
2094|101
2095|9
2096|61
2097|8
2098|111
2099|6
2100|95
2101|7
2102|114
2103|7
2104|13
2105|7
2106|8
2107|11
2108|11
2109|2
2110|12
2111|111
2112|4
2113|4
2114|4
2115|4
2116|4
2117|4
2118|4
2119|4
2120|4
2121|6
2122|3
2123|1
2124|4
2125|1
2126|11
2127|3
2128|2
2129|3
2130|3
2131|5
2132|79
2133|8
2134|10
2135|10
2136|195
2137|14
2138|7
2139|7
2140|12
2141|13
2142|11
2143|11
2144|8
2145|11
2146|9
2147|97
2148|8
2149|10
2150|10
2151|10
2152|8
2153|8
2154|197
2155|196
2156|195
2157|12
2158|3
2159|1
2160|3
2161|4
2162|3
2163|1
2164|2
2165|1
2166|40
2167|59
2168|2
2169|83
2170|126
2171|3
2172|8
2173|8
2174|8
2175|7
2176|11
2177|7
2178|70
2179|6
2180|122
2181|3
2182|127
2183|2
2184|3
2185|3
2186|3
2187|2
2188|5
2189|1
2190|2
2191|1
2192|12
2193|15
2194|8
2195|12
2196|134
2197|10
2198|19
2199|7
2200|6
2201|11
2202|3
2203|168
2204|10
2205|4
2206|5
2207|9
2208|8
2209|9
2210|126
2211|8
2212|5
2213|9
2214|93
2215|10
2216|72
2217|9
2218|190
2219|10
2220|10
2221|9
2222|9
2223|10
2224|8
2225|10
2226|8
2227|10
2228|10
2229|10
2230|8
2231|10
2232|8
2233|10
2234|4
2235|5
2236|2
2237|5
2238|5
2239|5
2240|4
2241|1
2242|3
2243|1
2244|5
2245|5
2246|5
2247|6
2248|2
2249|7
2250|6
2251|8
2252|10
2253|8
2254|8
2255|8
2256|8
2257|9
2258|123
2259|10
2260|8
2261|7
2262|7
2263|10
2264|1
2265|6
2266|8
2267|7
2268|2
2269|5
2270|4
2271|4
2272|4
2273|4
2274|3
2275|5
2276|4
2277|5
2278|2
2279|3
2280|4
2281|5
2282|4
2283|4
2284|5
2285|2
2286|80
2287|1
2288|3
2289|3
2290|8
2291|2
2292|9
2293|7
2294|7
2295|7
2296|7
2297|5
2298|5
2299|11
2300|9
2301|9
2302|7
2303|9
2304|1
2305|6
2306|7
2307|4
2308|104
2309|49
2310|1
2311|1
2312|6
2313|6
2314|1
2315|1
2316|2
2317|3
2318|2
2319|2
2320|2
2321|3
2322|3
2323|9
2324|7
2325|11
2326|8
2327|10
2328|9
2329|7
2330|1
2331|7
2332|8
2333|7
2334|7
2335|9
2336|10
2337|8
2338|8
2339|8
2340|11
2341|0
2342|7
2343|9
2344|13
2345|171
2346|0
2347|9
2348|7
2349|10
2350|14
2351|2
2352|2
2353|3
2354|9
2355|5
2356|6
2357|69
2358|3
2359|90
2360|105
2361|84
2362|6
2363|9
2364|8
2365|60
2366|10
2367|3
2368|71
2369|2
2370|13
2371|9
2372|7
2373|12
2374|6
2375|3
2376|9
2377|8
2378|8
2379|3
2380|6
2381|6
2382|10
2383|2
2384|7
2385|7
2386|7
2387|3
2388|1
2389|1
2390|1
2391|7
2392|2
2393|2
2394|0
2395|3
2396|2
2397|2
2398|103
2399|3
2400|1
2401|5
2402|2
2403|1
2404|7
2405|10
2406|10
2407|10
2408|10
2409|11
2410|10
2411|1
2412|1
2413|1
2414|1
2415|4
2416|6
2417|2
2418|2
2419|5
2420|2
2421|4
2422|2
2423|4
2424|4
2425|0
2426|7
2427|2
2428|6
2429|2
2430|1
2431|1
2432|2
2433|5
2434|5
2435|4
2436|4
2437|3
2438|3
2439|6
2440|4
2441|4
2442|5
2443|4
2444|4
2445|2
2446|4
2447|5
2448|3
2449|7
2450|9
2451|8
2452|7
2453|7
2454|8
2455|8
2456|8
2457|8
2458|8
2459|8
2460|2
2461|8
2462|3
2463|2
2464|7
2465|7
2466|7
2467|2
2468|7
2469|2
2470|1
2471|7
2472|8
2473|2
2474|1
2475|7
2476|9
2477|11
2478|11
2479|9
2480|8
2481|9
2482|9
2483|8
2484|8
2485|0
2486|8
2487|1
2488|8
2489|7
2490|117
2491|9
2492|1
2493|5
2494|76
2495|76
2496|53
2497|9
2498|10
2499|5
2500|5
2501|80
2502|46
2503|1
2504|5
2505|9
2506|8
2507|1
2508|3
2509|2
2510|5
2511|1
2512|8
2513|7
2514|8
2515|2
2516|11
2517|7
2518|8
2519|66
2520|10
2521|106
2522|10
2523|4
2524|4
2525|4
2526|4
2527|4
2528|5
2529|3
2530|0
2531|3
2532|4
2533|2
2534|4
2535|2
2536|4
2537|1
2538|3
2539|4
2540|4
2541|4
2542|8
2543|3
2544|2
2545|2
2546|1
2547|1
2548|3
2549|3
2550|3
2551|3
2552|1
2553|2
2554|1
2555|4
2556|3
2557|4
2558|4
2559|3
2560|2
2561|1
2562|4
2563|4
2564|2
2565|4
2566|2
2567|10
2568|150
2569|8
2570|5
2571|10
2572|89
2573|5
2574|3
2575|31
2576|2
2577|2
2578|3
2579|2
2580|4
2581|5
2582|8
2583|98
2584|93
2585|11
2586|11
2587|9
2588|4
2589|1
2590|4
2591|4
2592|11
2593|1
2594|3
2595|1
2596|2
2597|2
2598|1
2599|32
2600|2
2601|3
2602|3
2603|6
2604|94
2605|3
2606|4
2607|156
2608|3
2609|1
2610|5
2611|3
2612|3
2613|2
2614|129
2615|2
2616|2
2617|2
2618|3
2619|98
2620|3
2621|94
2622|5
2623|2
2624|2
2625|94
2626|184
2627|2
2628|3
2629|94
2630|2
2631|90
2632|4
2633|4
2634|7
2635|4
2636|4
2637|7
2638|4
2639|7
2640|159
2641|8
2642|7
2643|1
2644|8
2645|8
2646|8
2647|7
2648|8
2649|8
2650|8
2651|8
2652|10
2653|8
2654|7
2655|10
2656|10
2657|10
2658|10
2659|8
2660|2
2661|313
2662|7
2663|10
2664|8
2665|8
2666|7
2667|7
2668|10
2669|2
2670|2
2671|6
2672|5
2673|3
2674|7
2675|8
2676|7
2677|7
2678|3
2679|4
2680|6
2681|10
2682|10
2683|10
2684|174
2685|6
2686|7
2687|2
2688|1
2689|12
2690|1
2691|2
2692|0
2693|0
2694|0
2695|2
2696|0
2697|0
2698|0
2699|0
2700|0
2701|1
2702|0
2703|1
2704|1
2705|0
2706|0
2707|9
2708|2
2709|14
2710|10
2711|115
2712|2
2713|113
2714|9
2715|2
2716|1
2717|1
2718|43
2719|8
2720|2
2721|9
2722|9
2723|7
2724|8
2725|2
2726|8
2727|9
2728|1
2729|1
2730|2
2731|1
2732|11
2733|8
2734|2
2735|2
2736|2
2737|9
2738|8
2739|8
2740|118
2741|9
2742|10
2743|6
2744|7
2745|2
2746|4
2747|4
2748|4
2749|2
2750|7
2751|5
2752|4
2753|4
2754|4
2755|5
2756|4
2757|55
2758|6
2759|7
2760|5
2761|9
2762|8
2763|7
2764|142
2765|121
2766|2
2767|2
2768|2
2769|131
2770|8
2771|88
2772|1
2773|105
2774|63
2775|3
2776|7
2777|5
2778|3
2779|2
2780|1
2781|2
2782|1
2783|0
2784|1
2785|3
2786|1
2787|1
2788|0
2789|1
2790|4
2791|1
2792|2
2793|1
2794|0
2795|4
2796|2
2797|2
2798|8
2799|9
2800|90
2801|2
2802|2
2803|78
2804|1
2805|10
2806|8
2807|0
2808|2
2809|4
2810|4
2811|2
2812|4
2813|5
2814|4
2815|2
2816|4
2817|4
2818|2
2819|2
2820|1
2821|10
2822|168
2823|4
2824|4
2825|1
2826|3
2827|2
2828|1
2829|3
2830|4
2831|52
2832|4
2833|4
2834|4
2835|4
2836|4
2837|1
2838|4
2839|4
2840|2
2841|4
2842|2
2843|2
2844|4
2845|4
2846|2
2847|0
2848|2
2849|4
2850|2
2851|2
2852|1
2853|8
2854|8
2855|106
2856|88
2857|3
2858|5
2859|184
2860|165
2861|1
2862|1
2863|3
2864|1
2865|53
2866|1
2867|2
2868|4
2869|41
2870|2
2871|44
2872|3
2873|1
2874|2
2875|0
2876|54
2877|6
2878|2
2879|4
2880|3
2881|3
2882|93
2883|3
2884|6
2885|3
2886|3
2887|4
2888|2
2889|61
2890|65
2891|8
2892|124
2893|2
2894|3
2895|9
2896|7
2897|3
2898|3
2899|83
2900|124
2901|3
2902|8
2903|8
2904|67
2905|3
2906|72
2907|115
2908|70
2909|1
2910|2
2911|3
2912|2
2913|1
2914|1
2915|1
2916|3
2917|2
2918|3
2919|4
2920|80
2921|186
2922|6
2923|0
2924|2
2925|2
2926|1
2927|6
2928|18
2929|2
2930|2
2931|120
2932|7
2933|3
2934|13
2935|2
2936|2
2937|2
2938|130
2939|155
2940|4
2941|2
2942|2
2943|0
2944|0
2945|0
2946|53
2947|160
2948|0
2949|0
2950|0
2951|0
2952|0
2953|3
2954|4
2955|4
2956|4
2957|4
2958|1
2959|4
2960|0
2961|4
2962|4
2963|4
2964|4
2965|4
2966|1
2967|3
2968|4
2969|4
2970|1
2971|4
2972|4
2973|4
2974|2
2975|4
2976|3
2977|4
2978|4
2979|1
2980|4
2981|3
2982|4
2983|4
2984|1
2985|4
2986|4
2987|4
2988|4
2989|2
2990|0
2991|4
2992|4
2993|1
2994|2
2995|4
2996|4
2997|4
2998|4
2999|4
3000|4
3001|4
3002|4
3003|3
3004|4
3005|4
3006|4
3007|0
3008|4
3009|4
3010|4
3011|4
3012|4
3013|4
3014|4
3015|4
3016|4
3017|4
3018|4
3019|5
3020|2
3021|3
3022|4
3023|4
3024|4
3025|4
3026|4
3027|1
3028|4
3029|4
3030|4
3031|4
3032|1
3033|4
3034|4
3035|4
3036|4
3037|3
3038|4
3039|4
3040|3
3041|3
3042|2
3043|4
3044|4
3045|4
3046|4
3047|4
3048|3
3049|4
3050|4
3051|4
3052|3
3053|4
3054|4
3055|3
3056|4
3057|4
3058|4
3059|4
3060|4
3061|4
3062|3
3063|1
3064|1
3065|3
3066|4
3067|4
3068|4
3069|0
3070|4
3071|4
3072|0
3073|4
3074|5
3075|4
3076|2
3077|4
3078|4
3079|3
3080|6
3081|0
3082|4
3083|4
3084|1
3085|2
3086|0
3087|3
3088|10
3089|1
3090|29
3091|2
3092|0
3093|2
3094|3
3095|19
3096|0
3097|1
3098|1
3099|6
3100|3
3101|3
3102|0
3103|3
3104|37
3105|2
3106|2
3107|2
3108|6
3109|3
3110|2
3111|1
3112|5
3113|6
3114|5
3115|2
3116|4
3117|1
3118|5
3119|3
3120|63
3121|1
3122|2
3123|0
3124|0
3125|11
3126|129
3127|147
3128|10
3129|74
3130|2
3131|2
3132|78
3133|2
3134|54
3135|55
3136|105
3137|2
3138|2
3139|8
3140|85
3141|2
3142|2
3143|167
3144|3
3145|2
3146|8
3147|7
3148|96
3149|60
3150|2
3151|83
3152|8
3153|8
3154|9
3155|11
3156|12
3157|8
3158|11
3159|8
3160|9
3161|2
3162|9
3163|7
3164|10
3165|9
3166|8
3167|3
3168|76
3169|4
3170|91
3171|7
3172|4
3173|8
3174|2
3175|12
3176|90
3177|5
3178|0
3179|8
3180|5
3181|2
3182|2
3183|2
3184|2
3185|59
3186|53
3187|11
3188|2
3189|7
3190|2
3191|9
3192|2
3193|4
3194|2
3195|7
3196|3
3197|1
3198|6
3199|8
3200|10
3201|9
3202|7
3203|9
3204|0
3205|11
3206|3
3207|11
3208|9
3209|11
3210|14
3211|5
3212|3
3213|3
3214|8
3215|66
3216|6
3217|4
3218|4
3219|4
3220|4
3221|4
3222|6
3223|4
3224|8
3225|162
3226|3
3227|2
3228|2
3229|4
3230|10
3231|4
3232|5
3233|4
3234|4
3235|5
3236|5
3237|4
3238|2
3239|1
3240|3
3241|4
3242|4
3243|4
3244|2
3245|5
3246|3
3247|2
3248|5
3249|2
3250|2
3251|5
3252|176
3253|7
3254|9
3255|10
3256|10
3257|3
3258|8
3259|10
3260|8
3261|8
3262|128
3263|2
3264|10
3265|186
3266|8
3267|8
3268|10
3269|8
3270|8
3271|11
3272|2
3273|3
3274|7
3275|8
3276|10
3277|8
3278|8
3279|3
3280|4
3281|7
3282|2
3283|4
3284|9
3285|114
3286|60
3287|9
3288|129
3289|14
3290|6
3291|155
3292|110
3293|5
3294|113
3295|11
3296|11
3297|1
3298|2
3299|105
3300|175
3301|10
3302|13
3303|7
3304|143
3305|12
3306|9
3307|116
3308|0
3309|71
3310|2
3311|9
3312|170
3313|58
3314|155
3315|3
3316|11
3317|8
3318|153
3319|105
3320|8
3321|119
3322|8
3323|124
3324|9
3325|8
3326|190
3327|8
3328|11
3329|114
3330|8
3331|158
3332|165
3333|170
3334|2
3335|177
3336|156
3337|115
3338|7
3339|6
3340|8
3341|4
3342|5
3343|207
3344|3
3345|193
3346|3
3347|6
3348|93
3349|74
3350|69
3351|113
3352|9
3353|109
3354|111
3355|101
3356|227
3357|201
3358|142
3359|71
3360|88
3361|8
3362|79
3363|3
3364|62
3365|2
3366|66
3367|2
3368|98
3369|69
3370|4
3371|2
3372|3
3373|2
3374|84
3375|79
3376|59
3377|53
3378|8
3379|5
3380|62
3381|8
3382|59
3383|6
3384|60
3385|4
3386|64
3387|9
3388|2
3389|8
3390|1
3391|2
3392|2
3393|4
3394|129
3395|6
3396|57
3397|2
3398|72
3399|2
3400|2
3401|2
3402|4
3403|10
3404|5
3405|180
3406|4
3407|13
3408|2
3409|13
3410|8
3411|8
3412|8
3413|91
3414|156
3415|8
3416|89
3417|12
3418|94
3419|181
3420|195
3421|176
3422|2
3423|6
3424|9
3425|73
3426|9
3427|11
3428|4
3429|7
3430|7
3431|10
3432|148
3433|9
3434|9
3435|8
3436|8
3437|10
3438|9
3439|9
3440|181
3441|5
3442|6
3443|171
3444|83
3445|10
3446|5
3447|3
3448|1
3449|131
3450|9
3451|10
3452|8
3453|4
3454|201
3455|9
3456|10
3457|10
3458|8
3459|9
3460|9
3461|9
3462|11
3463|3
3464|7
3465|9
3466|4
3467|4
3468|0
3469|9
3470|10
3471|5
3472|110
3473|8
3474|147
3475|11
3476|9
3477|166
3478|2
3479|10
3480|9
3481|8
3482|8
3483|10
3484|10
3485|148
3486|170
3487|10
3488|9
3489|2
3490|2
3491|2
3492|12
3493|66
3494|161
3495|118
3496|194
3497|9
3498|179
3499|8
3500|12
3501|8
3502|2
3503|10
3504|14
3505|8
3506|13
3507|14
3508|11
3509|4
3510|10
3511|4
3512|150
3513|85
3514|2
3515|2
3516|9
3517|141
3518|4
3519|9
3520|3
3521|7
3522|8
3523|4
3524|74
3525|82
3526|68
3527|3
3528|77
3529|9
3530|7
3531|9
3532|4
3533|5
3534|8
3535|106
3536|5
3537|9
3538|163
3539|7
3540|11
3541|125
3542|2
3543|1
3544|5
3545|2
3546|2
3547|8
3548|10
3549|3
3550|2
3551|7
3552|8
3553|9
3554|3
3555|2
3556|2
3557|9
3558|116
3559|10
3560|121
3561|8
3562|10
3563|183
3564|2
3565|145
3566|3
3567|93
3568|8
3569|8
3570|6
3571|8
3572|8
3573|8
3574|12
3575|201
3576|9
3577|8
3578|8
3579|8
3580|8
3581|11
3582|2
3583|2
3584|8
3585|2
3586|63
3587|7
3588|69
3589|2
3590|9
3591|4
3592|8
3593|2
3594|8
3595|2
3596|9
3597|11
3598|163
3599|4
3600|62
3601|151
3602|9
3603|16
3604|7
3605|4
3606|151
3607|5
3608|11
3609|7
3610|7
3611|8
3612|6
3613|2
3614|9
3615|9
3616|9
3617|11
3618|8
3619|4
3620|4
3621|2
3622|168
3623|3
3624|13
3625|3
3626|3
3627|3
3628|164
3629|198
3630|3
3631|7
3632|7
3633|2
3634|2
3635|6
3636|10
3637|101
3638|5
3639|3
3640|9
3641|8
3642|2
3643|76
3644|152
3645|70
3646|82
3647|126
3648|4
3649|70
3650|91
3651|4
3652|79
3653|91
3654|10
3655|88
3656|90
3657|87
3658|104
3659|69
3660|84
3661|151
3662|91
3663|13
3664|3
3665|69
3666|128
3667|10
3668|6
3669|9
3670|76
3671|70
3672|7
3673|147
3674|95
3675|97
3676|12
3677|1
3678|115
3679|53
3680|9
3681|1
3682|90
3683|120
3684|1
3685|142
3686|5
3687|49
3688|3
3689|9
3690|75
3691|13
3692|8
3693|174
3694|11
3695|3
3696|6
3697|6
3698|6
3699|6
3700|3
3701|2
3702|5
3703|2
3704|5
3705|4
3706|2
3707|3
3708|3
3709|5
3710|3
3711|3
3712|4
3713|3
3714|3
3715|3
3716|2
3717|3
3718|8
3719|2
3720|3
3721|7
3722|3
3723|3
3724|2
3725|3
3726|3
3727|3
3728|6
3729|189
3730|63
3731|2
3732|2
3733|128
3734|135
3735|10
3736|61
3737|123
3738|2
3739|93
3740|8
3741|9
3742|5
3743|3
3744|14
3745|161
3746|125
3747|5
3748|87
3749|10
3750|9
3751|4
3752|115
3753|10
3754|3
3755|2
3756|11
3757|8
3758|114
3759|2
3760|2
3761|9
3762|2
3763|9
3764|2
3765|122
3766|2
3767|2
3768|11
3769|3
3770|8
3771|13
3772|1
3773|6
3774|9
3775|100
3776|11
3777|182
3778|119
3779|83
3780|12
3781|5
3782|74
3783|3
3784|2
3785|2
3786|143
3787|2
3788|2
3789|3
3790|2
3791|146
3792|148
3793|2
3794|127
3795|7
3796|10
3797|2
3798|127
3799|106
3800|3
3801|128
3802|187
3803|6
3804|2
3805|2
3806|6
3807|2
3808|96
3809|128
3810|3
3811|8
3812|11
3813|8
3814|8
3815|11
3816|3
3817|5
3818|8
3819|8
3820|5
3821|7
3822|2
3823|100
3824|10
3825|5
3826|3
3827|9
3828|3
3829|8
3830|130
3831|10
3832|10
3833|161
3834|3
3835|92
3836|7
3837|4
3838|11
3839|9
3840|8
3841|3
3842|12
3843|4
3844|9
3845|3
3846|11
3847|3
3848|2
3849|156
3850|72
3851|8
3852|2
3853|8
3854|9
3855|9
3856|105
3857|66
3858|2
3859|155
3860|1
3861|98
3862|2
3863|97
3864|6
3865|3
3866|109
3867|1
3868|159
3869|131
3870|139
3871|105
3872|4
3873|3
3874|109
3875|9
3876|6
3877|3
3878|9
3879|165
3880|11
3881|2
3882|11
3883|147
3884|195
3885|177
3886|116
3887|5
3888|96
3889|6
3890|2
3891|64
3892|63
3893|2
3894|68
3895|57
3896|6
3897|4
3898|2
3899|6
3900|2
3901|3
3902|2
3903|2
3904|3
3905|2
3906|116
3907|3
3908|2
3909|2
3910|2
3911|3
3912|1
3913|2
3914|83
3915|5
3916|3
3917|85
3918|4
3919|3
3920|3
3921|2
3922|7
3923|85
3924|3
3925|2
3926|2
3927|75
3928|2
3929|71
3930|60
3931|2
3932|58
3933|2
3934|2
3935|2
3936|3
3937|66
3938|2
3939|117
3940|70
3941|10
3942|8
3943|129
3944|2
3945|2
3946|2
3947|2
3948|1
3949|2
3950|9
3951|2
3952|2
3953|83
3954|2
3955|101
3956|2
3957|3
3958|67
3959|2
3960|2
3961|2
3962|135
3963|2
3964|93
3965|98
3966|64
3967|4
3968|9
3969|7
3970|118
3971|5
3972|151
3973|120
3974|3
3975|9
3976|80
3977|121
3978|3
3979|5
3980|8
3981|10
3982|3
3983|90
3984|109
3985|71
3986|9
3987|150
3988|154
3989|10
3990|3
3991|197
3992|11
3993|11
3994|7
3995|5
3996|135
3997|10
3998|6
3999|70
4000|3
4001|66
4002|63
4003|71
4004|9
4005|7
4006|194
4007|2
4008|10
4009|69
4010|1
4011|4
4012|67
4013|2
4014|2
4015|3
4016|3
4017|5
4018|4
4019|5
4020|2
4021|5
4022|5
4023|3
4024|2
4025|2
4026|3
4027|6
4028|3
4029|2
4030|66
4031|2
4032|76
4033|82
4034|3
4035|2
4036|76
4037|4
4038|107
4039|7
4040|4
4041|3
4042|99
4043|2
4044|90
4045|3
4046|3
4047|2
4048|6
4049|65
4050|3
4051|2
4052|69
4053|66
4054|2
4055|3
4056|69
4057|2
4058|3
4059|2
4060|3
4061|79
4062|64
4063|91
4064|2
4065|3
4066|2
4067|79
4068|2
4069|84
4070|104
4071|3
4072|77
4073|2
4074|3
4075|3
4076|68
4077|77
4078|67
4079|2
4080|2
4081|2
4082|5
4083|6
4084|72
4085|3
4086|96
4087|4
4088|152
4089|111
4090|0
4091|187
4092|109
4093|132
4094|105
4095|107
4096|10
4097|106
4098|158
4099|111
4100|107
4101|108
4102|0
4103|138
4104|174
4105|144
4106|108
4107|106
4108|110
4109|0
4110|112
4111|104
4112|145
4113|102
4114|162
4115|106
4116|109
4117|108
4118|103
4119|8
4120|106
4121|132
4122|114
4123|5
4124|188
4125|4
4126|102
4127|100
4128|98
4129|108
4130|119
4131|99
4132|113
4133|143
4134|101
4135|115
4136|114
4137|125
4138|140
4139|113
4140|112
4141|100
4142|118
4143|118
4144|137
4145|115
4146|103
4147|112
4148|0
4149|123
4150|115
4151|111
4152|102
4153|59
4154|3
4155|62
4156|3
4157|3
4158|64
4159|3
4160|87
4161|5
4162|3
4163|2
4164|5
4165|3
4166|76
4167|3
4168|6
4169|86
4170|214
4171|6
4172|3
4173|3
4174|0
4175|136
4176|134
4177|117
4178|134
4179|121
4180|140
4181|6
4182|121
4183|159
4184|4
4185|139
4186|3
4187|137
4188|2
4189|0
4190|3
4191|2
4192|2
4193|119
4194|73
4195|0
4196|4
4197|4
4198|3
4199|3
4200|69
4201|0
4202|0
4203|0
4204|0
4205|0
4206|10
4207|13
4208|19
4209|19
4210|5
4211|6
4212|12
4213|9
4214|5
4215|5
4216|5
4217|1
4218|6
4219|563
4220|12
4221|479
4222|14
4223|396
4224|6
4225|735
4226|7
4227|804
4228|13
4229|5
4230|11
4231|206
4232|17
4233|21
4234|9
4235|3
4236|2
4237|4
4238|4
4239|276
4240|387
4241|233
4242|670
4243|11
4244|6
4245|398
4246|383
4247|3
4248|3
4249|7
4250|5
4251|7
4252|2
4253|2
4254|3
4255|4
4256|2
4257|5
4258|4
4259|7
4260|655
4261|539
4262|191
4263|1
4264|13
4265|14
4266|11
4267|5
4268|14
4269|2
4270|4
4271|5
4272|5
4273|5
4274|7
4275|5
4276|5
4277|3
4278|4
4279|9
4280|6
4281|5
4282|6
4283|5
4284|5
4285|5
4286|4
4287|2
4288|4
4289|5
4290|12
4291|577
4292|11
4293|671
4294|5
4295|4
4296|7
4297|1001
4298|6
4299|14
4300|8
4301|19
4302|13
4303|3
4304|202
4305|7
4306|13
4307|5
4308|5
4309|396
4310|33
4311|497
4312|2
4313|2
4314|8
4315|5
4316|9
4317|3
4318|10
4319|2
4320|4
4321|1
4322|7
4323|7
4324|7
4325|239
4326|5
4327|6
4328|6
4329|0
4330|6
4331|17
4332|460
4333|292
4334|3
4335|4
4336|9
4337|5
4338|5
4339|2
4340|2
4341|2
4342|6
4343|1
4344|2
4345|13
4346|3
4347|4
4348|6
4349|6
4350|6
4351|2
4352|4
4353|8
4354|305
4355|3
4356|4
4357|12
4358|3
4359|5
4360|329
4361|10
4362|5
4363|13
4364|8
4365|8
4366|3
4367|4
4368|9
4369|13
4370|12
4371|10
4372|4
4373|4
4374|7
4375|3
4376|9
4377|4
4378|380
4379|8
4380|6
4381|10
4382|459
4383|13
4384|9
4385|4
4386|7
4387|8
4388|6
4389|416
4390|5
4391|11
4392|13
4393|12
4394|11
4395|9
4396|11
4397|10
4398|6
4399|2
4400|9
4401|0
4402|3
4403|2
4404|8
4405|215
4406|8
4407|2
4408|6
4409|149
4410|120
4411|3
4412|9
4413|4
4414|9
4415|10
4416|13
4417|244
4418|10
4419|1
4420|8
4421|9
4422|9
4423|0
4424|11
4425|12
4426|135
4427|3
4428|2
4429|11
4430|2
4431|40
4432|3
4433|3
4434|12
4435|5
4436|261
4437|2
4438|3
4439|5
4440|2
4441|2
4442|13
4443|2
4444|3
4445|9
4446|2
4447|17
4448|2
4449|2
4450|2
4451|2
4452|8
4453|10
4454|3
4455|7
4456|3
4457|11
4458|7
4459|308
4460|11
4461|2
4462|3
4463|114
4464|7
4465|8
4466|15
4467|6
4468|1
4469|6
4470|1
4471|2
4472|3
4473|1
4474|11
4475|1
4476|0
4477|6
4478|6
4479|10
4480|12
4481|10
4482|6
4483|5
4484|8
4485|13
4486|8
4487|1
4488|926
4489|6
4490|11
4491|3
4492|6
4493|0
4494|1138
4495|12
4496|11
4497|2
4498|5
4499|1
4500|6
4501|5
4502|1
4503|2
4504|0
4505|0
4506|1
4507|11
4508|1
4509|938
4510|11
4511|3
4512|7
4513|10
4514|2
4515|10
4516|0
4517|14
4518|13
4519|11
4520|1
4521|9
4522|4
4523|83
4524|11
4525|5
4526|7
4527|1
4528|4
4529|4
4530|4
4531|5
4532|5
4533|4
4534|4
4535|4
4536|4
4537|6
4538|3
4539|10
4540|0
4541|59
4542|4
4543|4
4544|2
4545|1
4546|7
4547|8
4548|8
4549|9
4550|7
4551|10
4552|126
4553|4
4554|13
4555|148
4556|295
4557|1
4558|3
4559|4
4560|226
4561|2
4562|2
4563|3
4564|1
4565|1
4566|2
4567|6
4568|11
4569|5
4570|4
4571|13
4572|9
4573|4
4574|133
4575|84
4576|8
4577|11
4578|11
4579|276
4580|3
4581|8
4582|307
4583|300
4584|150
4585|5
4586|6
4587|2
4588|0
4589|11
4590|2
4591|2
4592|11
4593|10
4594|12
4595|3
4596|2
4597|1
4598|50
4599|1
4600|10
4601|3
4602|9
4603|11
4604|9
4605|10
4606|254
4607|165
4608|7
4609|1
4610|2
4611|8
4612|3
4613|5
4614|2
4615|374
4616|2
4617|3
4618|11
4619|7
4620|5
4621|2
4622|4
4623|0
4624|39
4625|72
4626|133
4627|18
4628|505
4629|470
4630|5
4631|5
4632|4
4633|4
4634|6
4635|5
4636|4
4637|6
4638|3
4639|261
4640|6
4641|4
4642|6
4643|1
4644|7
4645|11
4646|160
4647|9
4648|668
4649|285
4650|250
4651|12
4652|7
4653|347
4654|4
4655|2
4656|16
4657|331
4658|9
4659|3
4660|4
4661|3
4662|3
4663|222
4664|4
4665|262
4666|2
4667|11
4668|308
4669|0
4670|2
4671|167
4672|224
4673|4
4674|159
4675|4
4676|5
4677|13
4678|6
4679|9
4680|6
4681|2
4682|8
4683|141
4684|1
4685|349
4686|3
4687|207
4688|0
4689|2
4690|3
4691|1
4692|80
4693|0
4694|8
4695|9
4696|245
4697|247
4698|1
4699|2
4700|5
4701|278
4702|31
4703|3
4704|0
4705|1
4706|2
4707|6
4708|754
4709|15
4710|13
4711|925
4712|0
4713|11
4714|5
4715|1
4716|0
4717|3
4718|3
4719|1
4720|4
4721|6
4722|135
4723|12
4724|3
4725|0
4726|55
4727|2
4728|4
4729|4
4730|4
4731|4
4732|4
4733|0
4734|3
4735|1
4736|4
4737|4
4738|3
4739|4
4740|1
4741|1
4742|2
4743|5
4744|4
4745|0
4746|4
4747|4
4748|4
4749|4
4750|5
4751|3
4752|4
4753|4
4754|4
4755|2
4756|4
4757|3
4758|4
4759|4
4760|4
4761|4
4762|4
4763|3
4764|6
4765|4
4766|1
4767|4
4768|4
4769|4
4770|4
4771|4
4772|4
4773|0
4774|4
4775|4
4776|4
4777|4
4778|4
4779|4
4780|4
4781|4
4782|3
4783|4
4784|4
4785|4
4786|4
4787|4
4788|4
4789|4
4790|0
4791|1
4792|3
4793|1
4794|3
4795|7
4796|0
4797|4
4798|4
4799|4
4800|4
4801|1
4802|4
4803|0
4804|4
4805|4
4806|3
4807|5
4808|4
4809|4
4810|6
4811|4
4812|5
4813|4
4814|4
4815|2
4816|1
4817|4
4818|4
4819|4
4820|4
4821|4
4822|1
4823|5
4824|4
4825|4
4826|4
4827|4
4828|4
4829|4
4830|0
4831|3
4832|4
4833|4
4834|0
4835|6
4836|4
4837|0
4838|2
4839|4
4840|0
4841|5
4842|4
4843|6
4844|4
4845|4
4846|4
4847|0
4848|4
4849|4
4850|3
4851|3
4852|4
4853|4
4854|4
4855|4
4856|4
4857|0
4858|4
4859|4
4860|4
4861|2
4862|3
4863|4
4864|4
4865|4
4866|2
4867|0
4868|2
4869|4
4870|4
4871|2
4872|4
4873|4
4874|522
4875|0
4876|14
4877|24
4878|14
4879|10
4880|364
4881|14
4882|294
4883|0
4884|12
4885|723
4886|10
4887|15
4888|120
4889|14
4890|21
4891|4
4892|14
4893|460
4894|13
4895|14
4896|15
4897|13
4898|13
4899|450
4900|733
4901|14
4902|319
4903|15
4904|11
4905|13
4906|13
4907|12
4908|7
4909|247
4910|9
4911|327
4912|4
4913|10
4914|10
4915|8
4916|15
4917|11
4918|4
4919|9
4920|600
4921|12
4922|4
4923|9
4924|8
4925|10
4926|13
4927|502
4928|9
4929|15
4930|12
4931|745
4932|745
4933|11
4934|320
4935|14
4936|8
4937|290
4938|4
4939|79
4940|393
4941|15
4942|6
4943|51
4944|3
4945|7
4946|15
4947|4
4948|8
4949|7
4950|243
4951|2
4952|10
4953|1
4954|9
4955|10
4956|10
4957|81
4958|33
4959|362
4960|4
4961|11
4962|8
4963|8
4964|6
4965|5
4966|11
4967|10
4968|0
4969|14
4970|266
4971|221
4972|10
4973|9
4974|18
4975|3
4976|14
4977|2
4978|1
4979|2
4980|15
4981|0
4982|7
4983|15
4984|29
4985|8
4986|16
4987|13
4988|4
4989|14
4990|8
4991|8
4992|9
4993|12
4994|10
4995|810
4996|173
4997|2
4998|586
4999|1151
5000|0
5001|259
5002|5
5003|9
5004|8
5005|7
5006|3
5007|285
5008|4
5009|3
5010|642
5011|382
5012|405
5013|11
5014|10
5015|12
5016|9
5017|3
5018|292
5019|231
5020|114
5021|17
5022|910
5023|14
5024|4
5025|205
5026|8
5027|184
5028|1
5029|32
5030|6
5031|315
5032|6
5033|14
5034|8
5035|842
5036|2
5037|11
5038|13
5039|736
5040|17
5041|13
5042|13
5043|10
5044|10
5045|9
5046|12
5047|1
5048|403
5049|12
5050|8
5051|3
5052|5
5053|572
5054|9
5055|11
5056|5
5057|7
5058|14
5059|11
5060|2
5061|5
5062|12
5063|9
5064|4
5065|34
5066|172
5067|6
5068|289
5069|7
5070|449
5071|12
5072|0
5073|14
5074|4
5075|13
5076|10
5077|15
5078|12
5079|17
5080|7
5081|10
5082|227
5083|17
5084|8
5085|9
5086|12
5087|398
5088|788
5089|9
5090|6
5091|10
5092|9
5093|15
5094|3
5095|11
5096|0
5097|5
5098|6
5099|9
5100|7
5101|3
5102|131
5103|8
5104|325
5105|14
5106|11
5107|4
5108|0
5109|8
5110|12
5111|3
5112|10
5113|9
5114|10
5115|11
5116|422
5117|20
5118|406
5119|13
5120|9
5121|6
5122|578
5123|13
5124|16
5125|4
5126|504
5127|459
5128|14
5129|6
5130|13
5131|515
5132|498
5133|413
5134|16
5135|12
5136|354
5137|10
5138|14
5139|14
5140|9
5141|11
5142|11
5143|14
5144|15
5145|11
5146|14
5147|15
5148|11
5149|11
5150|9
5151|11
5152|12
5153|10
5154|11
5155|2
5156|9
5157|6
5158|2
5159|8
5160|8
5161|1
5162|263
5163|3
5164|12
5165|9
5166|3
5167|9
5168|2
5169|4
5170|0
5171|6
5172|6
5173|3
5174|2
5175|3
5176|7
5177|7
5178|10
5179|5
5180|3
5181|7
5182|4
5183|15
5184|474
5185|440
5186|13
5187|6
5188|5
5189|9
5190|2
5191|2
5192|1
5193|4
5194|7
5195|8
5196|8
5197|4
5198|10
5199|8
5200|11
5201|115
5202|6
5203|8
5204|1
5205|3
5206|10
5207|35
5208|207
5209|6
5210|1
5211|126
5212|2
5213|7
5214|4
5215|4
5216|2
5217|13
5218|7
5219|508
5220|194
5221|2
5222|8
5223|9
5224|118
5225|293
5226|8
5227|3
5228|10
5229|11
5230|15
5231|11
5232|4
5233|5
5234|3
5235|679
5236|791
5237|2
5238|0
5239|3
5240|3
5241|6
5242|8
5243|4
5244|136
5245|192
5246|11
5247|0
5248|162
5249|12
5250|356
5251|6
5252|195
5253|10
5254|210
5255|4
5256|0
5257|2
5258|3
5259|786
5260|18
5261|8
5262|10
5263|4
5264|425
5265|555
5266|689
5267|0
5268|2
5269|7
5270|10
5271|249
5272|13
5273|441
5274|240
5275|10
5276|11
5277|2
5278|10
5279|1177
5280|4
5281|2
5282|5
5283|3
5284|6
5285|3
5286|5
5287|2
5288|0
5289|0
5290|191
5291|9
5292|9
5293|10
5294|10
5295|185
5296|6
5297|4
5298|0
5299|3
5300|2
5301|182
5302|245
5303|260
5304|0
5305|316
5306|3
5307|4
5308|11
5309|6
5310|12
5311|111
5312|4
5313|286
5314|219
5315|1
5316|4
5317|4
5318|15
5319|1
5320|7
5321|5
5322|5
5323|3
5324|2
5325|244
5326|221
5327|224
5328|14
5329|5
5330|25
5331|4
5332|304
5333|3
5334|2
5335|4
5336|6
5337|296
5338|195
5339|193
5340|324
5341|4
5342|0
5343|22
5344|53
5345|15
5346|12
5347|524
5348|245
5349|25
5350|6
5351|5
5352|5
5353|111
5354|38
5355|0
5356|247
5357|66
5358|530
5359|0
5360|3
5361|80
5362|165
5363|98
5364|10
5365|283
5366|229
5367|10
5368|68
5369|91
5370|12
5371|25
5372|600
5373|322
5374|166
5375|6
5376|243
5377|705
5378|188
5379|202
5380|41
5381|175
5382|0
5383|4
5384|2
5385|94
5386|67
5387|8
5388|3
5389|0
5390|799
5391|0
5392|375
5393|296
5394|1
5395|163
5396|35
5397|481
5398|325
5399|294
5400|96
5401|107
5402|0
5403|0
5404|0
5405|0
5406|0
5407|9
5408|12
5409|2
5410|7
5411|6
5412|10
5413|8
5414|7
5415|9
5416|8
5417|13
5418|5
5419|5
5420|2
5421|5
5422|5
5423|5
5424|6
5425|5
5426|10
5427|5
5428|12
5429|14
5430|12
5431|12
5432|14
5433|12
5434|12
5435|10
5436|12
5437|13
5438|4
5439|18
5440|11
5441|11
5442|12
5443|11
5444|11
5445|7
5446|11
5447|11
5448|10
5449|11
5450|2
5451|11
5452|10
5453|14
5454|7
5455|5
5456|0
5457|13
5458|0
5459|11
5460|10
5461|11
5462|9
5463|11
5464|11
5465|11
5466|9
5467|11
5468|9
5469|11
5470|9
5471|9
5472|11
5473|9
5474|12
5475|11
5476|9
5477|11
5478|7
5479|11
5480|11
5481|11
5482|9
5483|10
5484|11
5485|14
5486|10
5487|12
5488|10
5489|2
5490|4
5491|5
5492|2
5493|2
5494|214
5495|5
5496|11
5497|2
5498|12
5499|10
5500|9
5501|9
5502|10
5503|10
5504|11
5505|11
5506|9
5507|1
5508|11
5509|9
5510|9
5511|8
5512|11
5513|11
5514|10
5515|10
5516|11
5517|1
5518|11
5519|1
5520|9
5521|18
5522|9
5523|9
5524|11
5525|9
5526|11
5527|10
5528|11
5529|11
5530|11
5531|9
5532|11
5533|10
5534|10
5535|11
5536|11
5537|10
5538|10
5539|11
5540|11
5541|11
5542|11
5543|9
5544|11
5545|9
5546|11
5547|11
5548|9
5549|11
5550|10
5551|11
5552|11
5553|10
5554|11
5555|8
5556|0
5557|15
5558|15
5559|11
5560|10
5561|17
5562|10
5563|11
5564|11
5565|8
5566|0
5567|10
5568|9
5569|9
5570|11
5571|11
5572|10
5573|10
5574|10
5575|10
5576|11
5577|10
5578|9
5579|11
5580|9
5581|11
5582|9
5583|9
5584|10
5585|10
5586|11
5587|9
5588|11
5589|10
5590|10
5591|9
5592|9
5593|9
5594|10
5595|10
5596|11
5597|11
5598|11
5599|10
5600|11
5601|1
5602|9
5603|11
5604|10
5605|10
5606|11
5607|9
5608|13
5609|10
5610|10
5611|11
5612|11
5613|9
5614|11
5615|14
5616|11
5617|12
5618|10
5619|8
5620|10
5621|11
5622|11
5623|10
5624|10
5625|8
5626|4
5627|4
5628|5
5629|4
5630|4
5631|4
5632|4
5633|4
5634|4
5635|4
5636|12
5637|12
5638|9
5639|11
5640|9
5641|10
5642|10
5643|9
5644|11
5645|11
5646|11
5647|9
5648|11
5649|9
5650|9
5651|9
5652|12
5653|9
5654|8
5655|3
5656|11
5657|9
5658|9
5659|11
5660|11
5661|11
5662|9
5663|9
5664|1
5665|5
5666|5
5667|5
5668|5
5669|11
5670|11
5671|10
5672|10
5673|9
5674|11
5675|10
5676|2
5677|193
5678|0
5679|2
5680|11
5681|9
5682|11
5683|11
5684|11
5685|11
5686|10
5687|11
5688|10
5689|11
5690|9
5691|11
5692|10
5693|11
5694|10
5695|11
5696|9
5697|11
5698|11
5699|10
5700|8
5701|11
5702|10
5703|11
5704|1
5705|11
5706|9
5707|9
5708|10
5709|11
5710|11
5711|0
5712|10
5713|11
5714|13
5715|9
5716|11
5717|11
5718|11
5719|11
5720|9
5721|11
5722|9
5723|10
5724|11
5725|10
5726|10
5727|11
5728|11
5729|11
5730|11
5731|11
5732|10
5733|9
5734|4
5735|4
5736|10
5737|11
5738|11
5739|10
5740|11
5741|11
5742|11
5743|10
5744|11
5745|10
5746|11
5747|12
5748|11
5749|10
5750|10
5751|9
5752|11
5753|11
5754|10
5755|11
5756|11
5757|10
5758|10
5759|12
5760|11
5761|11
5762|11
5763|11
5764|9
5765|11
5766|2
5767|10
5768|11
5769|11
5770|11
5771|12
5772|10
5773|11
5774|10
5775|9
5776|9
5777|9
5778|9
5779|9
5780|9
5781|10
5782|8
5783|10
5784|10
5785|11
5786|10
5787|12
5788|9
5789|10
5790|10
5791|14
5792|11
5793|11
5794|11
5795|10
5796|11
5797|11
5798|10
5799|1
5800|2
5801|11
5802|11
5803|11
5804|9
5805|11
5806|11
5807|12
5808|11
5809|11
5810|9
5811|11
5812|11
5813|9
5814|9
5815|11
5816|9
5817|11
5818|11
5819|11
5820|10
5821|11
5822|11
5823|10
5824|12
5825|9
5826|11
5827|10
5828|10
5829|10
5830|271
5831|3
5832|265
5833|3
5834|3
5835|11
5836|213
5837|12
5838|234
5839|10
5840|3
5841|14
5842|3
5843|9
5844|10
5845|10
5846|14
5847|10
5848|175
5849|2
5850|2
5851|2
5852|3
5853|6
5854|11
5855|11
5856|11
5857|13
5858|11
5859|9
5860|11
5861|9
5862|10
5863|9
5864|10
5865|12
5866|1
5867|12
5868|11
5869|12
5870|9
5871|0
5872|9
5873|12
5874|9
5875|11
5876|9
5877|10
5878|8
5879|12
5880|11
5881|10
5882|11
5883|9
5884|4
5885|4
5886|11
5887|9
5888|9
5889|3
5890|11
5891|10
5892|11
5893|9
5894|11
5895|9
5896|11
5897|11
5898|12
5899|7
5900|11
5901|11
5902|11
5903|2
5904|7
5905|10
5906|11
5907|12
5908|10
5909|8
5910|9
5911|11
5912|0
5913|10
5914|2
5915|9
5916|11
5917|11
5918|10
5919|9
5920|1
5921|11
5922|8
5923|9
5924|11
5925|9
5926|10
5927|11
5928|9
5929|11
5930|10
5931|11
5932|2
5933|11
5934|304
5935|4
5936|3
5937|2
5938|11
5939|6
5940|2
5941|11
5942|3
5943|9
5944|4
5945|11
5946|11
5947|11
5948|10
5949|11
5950|11
5951|11
5952|10
5953|11
5954|10
5955|10
5956|9
5957|11
5958|10
5959|11
5960|3
5961|3
5962|5
5963|0
5964|11
5965|9
5966|11
5967|11
5968|9
5969|11
5970|9
5971|9
5972|10
5973|10
5974|10
5975|8
5976|9
5977|8
5978|9
5979|11
5980|8
5981|11
5982|11
5983|10
5984|10
5985|11
5986|9
5987|9
5988|11
5989|10
5990|11
5991|4
5992|1
5993|0
5994|9
5995|11
5996|11
5997|11
5998|10
5999|11
6000|9
6001|11
6002|11
6003|11
6004|10
6005|11
6006|9
6007|7
6008|10
6009|9
6010|10
6011|9
6012|9
6013|11
6014|11
6015|10
6016|11
6017|10
6018|14
6019|10
6020|9
6021|11
6022|11
6023|11
6024|10
6025|1
6026|11
6027|10
6028|10
6029|11
6030|9
6031|9
6032|11
6033|10
6034|9
6035|13
6036|8
6037|10
6038|11
6039|9
6040|10
6041|11
6042|13
6043|10
6044|3
6045|9
6046|5
6047|1
6048|9
6049|14
6050|11
6051|10
6052|2
6053|297
6054|2
6055|10
6056|3
6057|11
6058|11
6059|11
6060|9
6061|9
6062|10
6063|11
6064|9
6065|11
6066|13
6067|7
6068|10
6069|9
6070|12
6071|10
6072|9
6073|10
6074|10
6075|9
6076|11
6077|11
6078|15
6079|9
6080|11
6081|10
6082|10
6083|8
6084|4
6085|5
6086|4
6087|9
6088|11
6089|10
6090|9
6091|10
6092|10
6093|9
6094|11
6095|12
6096|11
6097|9
6098|10
6099|9
6100|11
6101|10
6102|10
6103|10
6104|11
6105|9
6106|9
6107|10
6108|11
6109|3
6110|5
6111|7
6112|0
6113|3
6114|0
6115|4
6116|3
6117|2
6118|3
6119|6
6120|10
6121|11
6122|9
6123|13
6124|11
6125|10
6126|3
6127|10
6128|10
6129|11
6130|11
6131|3
6132|7
6133|11
6134|2
6135|4
6136|2
6137|0
6138|0
6139|4
6140|4
6141|2
6142|7
6143|2
6144|7
6145|3
6146|7
6147|440
6148|3
6149|5
6150|9
6151|11
6152|10
6153|11
6154|10
6155|11
6156|10
6157|10
6158|10
6159|10
6160|9
6161|13
6162|10
6163|9
6164|11
6165|1
6166|11
6167|11
6168|9
6169|11
6170|9
6171|11
6172|9
6173|2
6174|293
6175|2
6176|2
6177|2
6178|2
6179|2
6180|2
6181|2
6182|2
6183|10
6184|3
6185|3
6186|2
6187|2
6188|2
6189|2
6190|1
6191|2
6192|2
6193|2
6194|2
6195|2
6196|2
6197|5
6198|3
6199|4
6200|3
6201|2
6202|2
6203|3
6204|2
6205|3
6206|3
6207|8
6208|2
6209|0
6210|3
6211|4
6212|4
6213|3
6214|0
6215|2
6216|2
6217|2
6218|4
6219|4
6220|2
6221|0
6222|2
6223|2
6224|1
6225|2
6226|0
6227|1
6228|5
6229|3
6230|2
6231|5
6232|2
6233|2
6234|0
6235|0
6236|0
6237|5
6238|9
6239|1
6240|10
6241|11
6242|11
6243|11
6244|11
6245|9
6246|198
6247|3
6248|3
6249|3
6250|7
6251|12
6252|9
6253|9
6254|9
6255|1
6256|9
6257|10
6258|9
6259|10
6260|10
6261|11
6262|10
6263|9
6264|11
6265|2
6266|2
6267|3
6268|2
6269|2
6270|2
6271|2
6272|2
6273|2
6274|3
6275|2
6276|2
6277|2
6278|1
6279|2
6280|2
6281|2
6282|3
6283|2
6284|2
6285|10
6286|3
6287|191
6288|1
6289|2
6290|5
6291|9
6292|11
6293|9
6294|11
6295|13
6296|12
6297|0
6298|12
6299|10
6300|11
6301|4
6302|2
6303|2
6304|2
6305|2
6306|2
6307|2
6308|2
6309|2
6310|2
6311|2
6312|2
6313|2
6314|3
6315|4
6316|2
6317|3
6318|2
6319|2
6320|2
6321|2
6322|2
6323|2
6324|2
6325|2
6326|2
6327|2
6328|2
6329|2
6330|3
6331|0
6332|3
6333|3
6334|2
6335|2
6336|2
6337|3
6338|2
6339|2
6340|2
6341|2
6342|227
6343|8
6344|2
6345|2
6346|3
6347|182
6348|0
6349|0
6350|2
6351|225
6352|338
6353|328
6354|240
6355|346
6356|243
6357|245
6358|364
6359|331
6360|342
6361|355
6362|348
6363|247
6364|362
6365|248
6366|358
6367|247
6368|250
6369|245
6370|240
6371|0
6372|310
6373|304
6374|310
6375|229
6376|276
6377|271
6378|234
6379|228
6380|435
6381|432
6382|345
6383|224
6384|210
6385|310
6386|394
6387|224
6388|232
6389|148
6390|203
6391|236
6392|2
6393|1
6394|2
6395|3
6396|2
6397|6
6398|2
6399|6
6400|2
6401|8
6402|2
6403|2
6404|4
6405|2
6406|7
6407|220
6408|240
6409|249
6410|290
6411|322
6412|274
6413|457
6414|233
6415|245
6416|251
6417|397
6418|0
6419|328
6420|241
6421|252
6422|457
6423|321
6424|238
6425|400
6426|427
6427|462
6428|248
6429|305
6430|249
6431|251
6432|281
6433|300
6434|0
6435|197
6436|112
6437|2
6438|3
6439|2
6440|242
6441|342
6442|228
6443|250
6444|250
6445|346
6446|230
6447|366
6448|321
6449|242
6450|250
6451|248
6452|243
6453|342
6454|321
6455|375
6456|229
6457|246
6458|244
6459|246
6460|321
6461|252
6462|248
6463|248
6464|248
6465|0
6466|0
6467|0
6468|0
6469|0
6470|2
6471|2
6472|317
6473|332
6474|318
6475|406
6476|343
6477|361
6478|223
6479|248
6480|247
6481|250
6482|249
6483|248
6484|240
6485|245
6486|239
6487|250
6488|243
6489|248
6490|249
6491|250
6492|12
6493|8
6494|7
6495|10
6496|11
6497|295
6498|11
6499|15
6500|13
6501|10
6502|16
6503|12
6504|6
6505|5
6506|3
6507|175
6508|4
6509|206
6510|296
6511|4
6512|12
6513|209
6514|4
6515|201
6516|293
6517|9
6518|7
6519|9
6520|226
6521|313
6522|202
6523|13
6524|14
6525|4
6526|5
6527|10
6528|301
6529|11
6530|14
6531|1
6532|8
6533|7
6534|9
6535|223
6536|3
6537|292
6538|211
6539|12
6540|10
6541|114
6542|3
6543|224
6544|3
6545|262
6546|151
6547|7
6548|14
6549|6
6550|208
6551|3
6552|10
6553|7
6554|197
6555|204
6556|11
6557|8
6558|15
6559|8
6560|205
6561|1
6562|13
6563|15
6564|13
6565|19
6566|3
6567|317
6568|11
6569|98
6570|12
6571|0
6572|150
6573|136
6574|238
6575|202
6576|3
6577|146
6578|11
6579|3
6580|11
6581|12
6582|10
6583|1
6584|2
6585|12
6586|13
6587|12
6588|11
6589|132
6590|178
6591|7
6592|9
6593|8
6594|12
6595|15
6596|12
6597|12
6598|14
6599|14
6600|352
6601|284
6602|14
6603|11
6604|10
6605|12
6606|4
6607|5
6608|3
6609|290
6610|2
6611|3
6612|2
6613|1
6614|9
6615|12
6616|0
6617|6
6618|5
6619|6
6620|7
6621|5
6622|0
6623|11
6624|10
6625|192
6626|1
6627|14
6628|11
6629|0
6630|7
6631|10
6632|9
6633|8
6634|10
6635|15
6636|286
6637|4
6638|5
6639|5
6640|5
6641|6
6642|5
6643|15
6644|11
6645|10
6646|10
6647|234
6648|11
6649|7
6650|20
6651|13
6652|13
6653|10
6654|263
6655|11
6656|10
6657|10
6658|11
6659|0
6660|11
6661|11
6662|11
6663|11
6664|10
6665|9
6666|1
6667|11
6668|9
6669|13
6670|5
6671|4
6672|5
6673|4
6674|4
6675|152
6676|11
6677|10
6678|1
6679|2
6680|4
6681|4
6682|4
6683|4
6684|4
6685|5
6686|5
6687|12
6688|3
6689|3
6690|10
6691|4
6692|2
6693|4
6694|11
6695|11
6696|6
6697|188
6698|179
6699|258
6700|271
6701|6
6702|11
6703|8
6704|8
6705|8
6706|8
6707|3
6708|4
6709|3
6710|14
6711|4
6712|0
6713|11
6714|11
6715|11
6716|13
6717|12
6718|218
6719|10
6720|10
6721|12
6722|2
6723|9
6724|8
6725|8
6726|3
6727|6
6728|12
6729|64
6730|1
6731|11
6732|12
6733|9
6734|5
6735|12
6736|2
6737|7
6738|1
6739|2
6740|158
6741|9
6742|10
6743|10
6744|8
6745|11
6746|2
6747|4
6748|2
6749|198
6750|5
6751|2
6752|7
6753|5
6754|5
6755|5
6756|6
6757|2
6758|2
6759|3
6760|234
6761|234
6762|150
6763|8
6764|11
6765|11
6766|10
6767|11
6768|9
6769|11
6770|10
6771|3
6772|14
6773|10
6774|10
6775|207
6776|10
6777|5
6778|2
6779|6
6780|2
6781|12
6782|8
6783|6
6784|7
6785|6
6786|5
6787|4
6788|3
6789|12
6790|10
6791|11
6792|11
6793|11
6794|15
6795|11
6796|8
6797|11
6798|10
6799|11
6800|10
6801|12
6802|15
6803|15
6804|12
6805|11
6806|11
6807|5
6808|6
6809|7
6810|4
6811|17
6812|5
6813|9
6814|204
6815|255
6816|263
6817|11
6818|3
6819|11
6820|265
6821|9
6822|18
6823|12
6824|5
6825|2
6826|2
6827|4
6828|17
6829|19
6830|272
6831|15
6832|292
6833|13
6834|11
6835|10
6836|12
6837|11
6838|195
6839|5
6840|190
6841|2
6842|8
6843|8
6844|13
6845|9
6846|4
6847|5
6848|4
6849|4
6850|1
6851|2
6852|8
6853|11
6854|2
6855|8
6856|10
6857|11
6858|11
6859|9
6860|10
6861|10
6862|11
6863|11
6864|10
6865|11
6866|11
6867|10
6868|10
6869|2
6870|238
6871|2
6872|10
6873|4
6874|9
6875|9
6876|9
6877|7
6878|3
6879|4
6880|7
6881|9
6882|16
6883|2
6884|5
6885|4
6886|5
6887|10
6888|11
6889|10
6890|10
6891|14
6892|12
6893|10
6894|9
6895|10
6896|12
6897|11
6898|12
6899|10
6900|5
6901|5
6902|10
6903|11
6904|11
6905|5
6906|5
6907|2
6908|0
6909|10
6910|10
6911|10
6912|12
6913|12
6914|9
6915|2
6916|6
6917|11
6918|10
6919|9
6920|9
6921|8
6922|6
6923|3
6924|10
6925|11
6926|6
6927|4
6928|4
6929|6
6930|4
6931|5
6932|5
6933|13
6934|0
6935|13
6936|1
6937|10
6938|11
6939|10
6940|12
6941|15
6942|2
6943|10
6944|5
6945|11
6946|2
6947|10
6948|10
6949|130
6950|3
6951|10
6952|11
6953|9
6954|2
6955|9
6956|10
6957|5
6958|3
6959|11
6960|12
6961|8
6962|8
6963|2
6964|8
6965|3
6966|10
6967|5
6968|12
6969|3
6970|10
6971|8
6972|10
6973|4
6974|2
6975|11
6976|16
6977|12
6978|13
6979|3
6980|12
6981|10
6982|12
6983|2
6984|9
6985|13
6986|12
6987|7
6988|8
6989|0
6990|10
6991|14
6992|11
6993|13
6994|16
6995|10
6996|9
6997|2
6998|10
6999|7
7000|9
7001|10
7002|5
7003|8
7004|4
7005|5
7006|8
7007|9
7008|10
7009|2
7010|9
7011|10
7012|4
7013|9
7014|4
7015|123
7016|2
7017|6
7018|9
7019|9
7020|11
7021|6
7022|7
7023|2
7024|12
7025|3
7026|4
7027|11
7028|16
7029|14
7030|8
7031|12
7032|3
7033|9
7034|11
7035|7
7036|10
7037|4
7038|7
7039|2
7040|10
7041|7
7042|9
7043|2
7044|8
7045|11
7046|7
7047|5
7048|0
7049|10
7050|3
7051|12
7052|3
7053|12
7054|3
7055|10
7056|12
7057|4
7058|11
7059|12
7060|2
7061|1
7062|3
7063|13
7064|8
7065|250
7066|274
7067|2
7068|2
7069|7
7070|11
7071|10
7072|7
7073|4
7074|121
7075|2
7076|255
7077|2
7078|123
7079|10
7080|14
7081|7
7082|1
7083|10
7084|10
7085|1
7086|8
7087|7
7088|2
7089|3
7090|8
7091|3
7092|3
7093|3
7094|3
7095|5
7096|10
7097|250
7098|12
7099|174
7100|142
7101|9
7102|12
7103|12
7104|10
7105|10
7106|12
7107|8
7108|8
7109|9
7110|9
7111|310
7112|18
7113|10
7114|4
7115|4
7116|8
7117|221
7118|225
7119|5
7120|217
7121|9
7122|7
7123|375
7124|2
7125|3
7126|2
7127|278
7128|0
7129|0
7130|191
7131|209
7132|271
7133|276
7134|0
7135|0
7136|223
7137|204
7138|233
7139|203
7140|209
7141|185
7142|14
7143|8
7144|15
7145|15
7146|227
7147|210
7148|10
7149|6
7150|261
7151|231
7152|5
7153|4
7154|10
7155|6
7156|3
7157|4
7158|2
7159|5
7160|1
7161|2
7162|5
7163|6
7164|6
7165|3
7166|3
7167|3
7168|3
7169|1
7170|3
7171|8
7172|10
7173|10
7174|147
7175|226
7176|7
7177|0
7178|2
7179|5
7180|7
7181|8
7182|9
7183|10
7184|7
7185|1
7186|8
7187|8
7188|2
7189|0
7190|9
7191|7
7192|7
7193|6
7194|6
7195|331
7196|5
7197|246
7198|155
7199|5
7200|217
7201|186
7202|4
7203|4
7204|3
7205|4
7206|11
7207|3
7208|4
7209|11
7210|9
7211|11
7212|3
7213|15
7214|9
7215|225
7216|4
7217|8
7218|1
7219|7
7220|7
7221|9
7222|10
7223|4
7224|2
7225|5
7226|2
7227|10
7228|10
7229|14
7230|8
7231|10
7232|3
7233|6
7234|3
7235|10
7236|2
7237|2
7238|11
7239|7
7240|6
7241|2
7242|11
7243|9
7244|2
7245|8
7246|239
7247|109
7248|298
7249|8
7250|6
7251|2
7252|10
7253|2
7254|10
7255|231
7256|15
7257|11
7258|231
7259|195
7260|107
7261|135
7262|6
7263|9
7264|114
7265|245
7266|137
7267|132
7268|2
7269|2
7270|5
7271|2
7272|5
7273|4
7274|188
7275|209
7276|201
7277|2
7278|2
7279|209
7280|199
7281|3
7282|5
7283|4
7284|10
7285|10
7286|4
7287|141
7288|6
7289|0
7290|142
7291|139
7292|6
7293|17
7294|9
7295|12
7296|10
7297|150
7298|7
7299|12
7300|5
7301|2
7302|4
7303|7
7304|0
7305|0
7306|0
7307|0
7308|3
7309|4
7310|3
7311|4
7312|5
7313|11
7314|9
7315|9
7316|3
7317|4
7318|11
7319|4
7320|196
7321|11
7322|232
7323|265
7324|3
7325|4
7326|17
7327|4
7328|4
7329|2
7330|2
7331|5
7332|128
7333|3
7334|6
7335|282
7336|134
7337|6
7338|1
7339|124
7340|15
7341|321
7342|187
7343|2
7344|2
7345|3
7346|2
7347|180
7348|180
7349|5
7350|3
7351|191
7352|164
7353|0
7354|2
7355|2
7356|2
7357|125
7358|114
7359|159
7360|153
7361|114
7362|122
7363|211
7364|1
7365|4
7366|3
7367|4
7368|3
7369|4
7370|6
7371|7
7372|3
7373|7
7374|9
7375|3
7376|4
7377|3
7378|2
7379|2
7380|7
7381|205
7382|209
7383|208
7384|230
7385|208
7386|0
7387|201
7388|206
7389|202
7390|212
7391|176
7392|183
7393|175
7394|24
7395|128
7396|1
7397|0
7398|1
7399|3
7400|4
7401|2
7402|0
7403|2
7404|1
7405|4
7406|4
7407|1
7408|3
7409|4
7410|4
7411|1
7412|2
7413|0
7414|4
7415|4
7416|4
7417|4
7418|4
7419|4
7420|3
7421|4
7422|4
7423|0
7424|3
7425|4
7426|2
7427|4
7428|4
7429|8
7430|4
7431|4
7432|6
7433|5
7434|4
7435|4
7436|7
7437|4
7438|4
7439|3
7440|4
7441|7
7442|4
7443|4
7444|4
7445|4
7446|4
7447|3
7448|4
7449|4
7450|3
7451|4
7452|2
7453|4
7454|4
7455|4
7456|0
7457|4
7458|4
7459|7
7460|4
7461|4
7462|7
7463|4
7464|4
7465|4
7466|4
7467|4
7468|4
7469|5
7470|4
7471|0
7472|4
7473|4
7474|3
7475|4
7476|4
7477|6
7478|2
7479|4
7480|4
7481|4
7482|4
7483|7
7484|4
7485|6
7486|7
7487|6
7488|5
7489|7
7490|4
7491|3
7492|4
7493|4
7494|4
7495|4
7496|3
7497|1
7498|4
7499|5
7500|4
7501|2
7502|6
7503|4
7504|4
7505|7
7506|4
7507|4
7508|3
7509|3
7510|4
7511|4
7512|0
7513|4
7514|5
7515|1
7516|4
7517|4
7518|2
7519|2
7520|4
7521|5
7522|4
7523|4
7524|4
7525|5
7526|4
7527|4
7528|4
7529|4
7530|1
7531|5
7532|4
7533|5
7534|4
7535|4
7536|3
7537|3
7538|5
7539|4
7540|4
7541|3
7542|5
7543|5
7544|1
7545|4
7546|3
7547|4
7548|5
7549|5
7550|4
7551|5
7552|4
7553|4
7554|2
7555|5
7556|5
7557|4
7558|5
7559|4
7560|4
7561|4
7562|0
7563|4
7564|4
7565|4
7566|3
7567|0
7568|5
7569|4
7570|4
7571|10
7572|1
7573|2
7574|3
7575|8
7576|4
7577|0
7578|4
7579|0
7580|1
7581|5
7582|2
7583|0
7584|5
7585|2
7586|2
7587|2
7588|17
7589|0
7590|0
7591|0
7592|1
7593|1
7594|0
7595|0
7596|0
7597|5
7598|1
7599|0
7600|0
7601|0
7602|17
7603|1
7604|2
7605|0
7606|0
7607|0
7608|1
7609|16
7610|1
7611|1
7612|2
7613|1
7614|0
7615|0
7616|16
7617|7
7618|1
7619|1
7620|1
7621|1
7622|2
7623|1
7624|30
7625|1
7626|0
7627|2
7628|0
7629|1
7630|0
7631|0
7632|5
7633|0
7634|12
7635|2
7636|0
7637|1
7638|0
7639|2
7640|1
7641|11
7642|49
7643|2
7644|41
7645|11
7646|1
7647|2
7648|1
7649|53
7650|2
7651|2
7652|1
7653|5
7654|5
7655|2
7656|1
7657|20
7658|20
7659|3
7660|2
7661|0
7662|3
7663|0
7664|12
7665|0
7666|2
7667|1
7668|1
7669|0
7670|0
7671|1
7672|0
7673|4
7674|0
7675|2
7676|3
7677|0
7678|0
7679|0
7680|5
7681|1
7682|0
7683|4
7684|0
7685|4
7686|4
7687|0
7688|1
7689|0
7690|2
7691|0
7692|0
7693|2
7694|1
7695|1
7696|0
7697|11
7698|4
7699|3
7700|2
7701|1
7702|2
7703|1
7704|1
7705|1
7706|1
7707|2
7708|3
7709|2
7710|5
7711|4
7712|1
7713|1
7714|0
7715|1
7716|1
7717|0
7718|0
7719|1
7720|1
7721|1
7722|15
7723|24
7724|1
7725|1
7726|1
7727|111
7728|1
7729|1
7730|1
7731|1
7732|1
7733|1
7734|2
7735|1
7736|2
7737|97
7738|0
7739|1
7740|2
7741|1
7742|1
7743|7
7744|1
7745|1
7746|1
7747|1
7748|74
7749|1
7750|13
7751|28
7752|23
7753|2
7754|16
7755|671
7756|18
7757|13
7758|9
7759|4
7760|2
7761|17
7762|4
7763|306
7764|5
7765|12
7766|5
7767|7
7768|13
7769|9
7770|0
7771|2
7772|3
7773|2
7774|3
7775|11
7776|5
7777|2
7778|2
7779|7
7780|16
7781|8
7782|10
7783|518
7784|149
7785|4
7786|9
7787|7
7788|9
7789|612
7790|12
7791|6
7792|61
7793|2
7794|16
7795|177
7796|18
7797|20
7798|696
7799|13
7800|1
7801|4
7802|5
7803|7
7804|6
7805|0
7806|0
7807|145
7808|575
7809|272
7810|261
7811|11
7812|10
7813|10
7814|446
7815|371
7816|6
7817|7
7818|8
7819|3
7820|306
7821|9
7822|9
7823|12
7824|4
7825|6
7826|11
7827|493
7828|14
7829|15
7830|9
7831|3
7832|547
7833|442
7834|13
7835|259
7836|341
7837|7
7838|452
7839|435
7840|12
7841|5
7842|6
7843|5
7844|4
7845|430
7846|476
7847|218
7848|10
7849|408
7850|7
7851|9
7852|642
7853|651
7854|259
7855|409
7856|449
7857|327
7858|401
7859|278
7860|294
7861|262
7862|3
7863|198
7864|6
7865|5
7866|6
7867|5
7868|5
7869|446
7870|10
7871|10
7872|9
7873|6
7874|6
7875|11
7876|5
7877|9
7878|5
7879|6
7880|8
7881|5
7882|2
7883|14
7884|278
7885|2
7886|3
7887|5
7888|14
7889|3
7890|8
7891|8
7892|4
7893|4
7894|5
7895|10
7896|4
7897|2
7898|6
7899|3
7900|2
7901|8
7902|3
7903|2
7904|3
7905|8
7906|5
7907|10
7908|17
7909|12
7910|11
7911|5
7912|5
7913|4
7914|10
7915|7
7916|8
7917|4
7918|3
7919|10
7920|524
7921|5
7922|10
7923|10
7924|4
7925|453
7926|4
7927|4
7928|15
7929|6
7930|740
7931|5
7932|4
7933|5
7934|4
7935|6
7936|11
7937|2
7938|812
7939|9
7940|2
7941|7
7942|5
7943|8
7944|9
7945|3
7946|483
7947|0
7948|12
7949|8
7950|2
7951|0
7952|220
7953|9
7954|220
7955|6
7956|5
7957|3
7958|10
7959|6
7960|12
7961|7
7962|293
7963|3
7964|11
7965|5
7966|235
7967|11
7968|8
7969|8
7970|6
7971|5
7972|5
7973|441
7974|13
7975|246
7976|10
7977|3
7978|10
7979|380
7980|14
7981|9
7982|8
7983|5
7984|309
7985|11
7986|4
7987|442
7988|391
7989|3
7990|169
7991|11
7992|18
7993|16
7994|10
7995|0
7996|0
7997|318
7998|11
7999|12
8000|3
8001|4
8002|6
8003|7
8004|2
8005|3
8006|21
8007|4
8008|10
8009|14
8010|148
8011|211
8012|259
8013|6
8014|7
8015|3
8016|2
8017|5
8018|5
8019|6
8020|5
8021|5
8022|6
8023|5
8024|7
8025|5
8026|5
8027|4
8028|4
8029|1
8030|6
8031|4
8032|4
8033|16
8034|10
8035|3
8036|4
8037|7
8038|2
8039|5
8040|8
8041|4
8042|4
8043|4
8044|623
8045|460
8046|72
8047|143
8048|14
8049|10
8050|8
8051|16
8052|11
8053|8
8054|3
8055|484
8056|3
8057|4
8058|7
8059|8
8060|6
8061|438
8062|472
8063|431
8064|424
8065|4
8066|378
8067|515
8068|4
8069|2
8070|5
8071|3
8072|1
8073|294
8074|9
8075|10
8076|14
8077|8
8078|11
8079|13
8080|322
8081|173
8082|3
8083|332
8084|2
8085|633
8086|3
8087|451
8088|489
8089|299
8090|5
8091|5
8092|4
8093|4
8094|4
8095|13
8096|9
8097|506
8098|318
8099|3
8100|2
8101|0
8102|216
8103|270
8104|3
8105|10
8106|9
8107|256
8108|316
8109|0
8110|2
8111|2
8112|3
8113|9
8114|6
8115|9
8116|11
8117|14
8118|357
8119|242
8120|4
8121|12
8122|3
8123|13
8124|14
8125|11
8126|2
8127|5
8128|6
8129|5
8130|3
8131|2
8132|4
8133|4
8134|2
8135|3
8136|5
8137|2
8138|7
8139|5
8140|4
8141|4
8142|4
8143|5
8144|4
8145|5
8146|5
8147|2
8148|0
8149|5
8150|9
8151|9
8152|9
8153|4
8154|5
8155|13
8156|15
8157|11
8158|308
8159|11
8160|14
8161|10
8162|10
8163|9
8164|10
8165|134
8166|262
8167|182
8168|9
8169|367
8170|10
8171|19
8172|146
8173|9
8174|14
8175|12
8176|5
8177|4
8178|7
8179|6
8180|12
8181|11
8182|6
8183|13
8184|4
8185|4
8186|4
8187|4
8188|401
8189|5
8190|12
8191|1008
8192|10
8193|2
8194|2
8195|3
8196|12
8197|14
8198|10
8199|10
8200|15
8201|3
8202|8
8203|3
8204|3
8205|366
8206|5
8207|245
8208|4
8209|3
8210|17
8211|2
8212|4
8213|8
8214|0
8215|12
8216|16
8217|14
8218|12
8219|429
8220|157
8221|11
8222|11
8223|5
8224|16
8225|17
8226|9
8227|3
8228|3
8229|223
8230|3
8231|3
8232|1
8233|3
8234|3
8235|265
8236|2
8237|3
8238|3
8239|2
8240|2
8241|3
8242|4
8243|4
8244|3
8245|3
8246|276
8247|303
8248|269
8249|255
8250|279
8251|4
8252|7
8253|8
8254|15
8255|7
8256|16
8257|9
8258|3
8259|9
8260|9
8261|2
8262|8
8263|11
8264|5
8265|2
8266|14
8267|11
8268|11
8269|10
8270|13
8271|11
8272|7
8273|17
8274|11
8275|13
8276|6
8277|3
8278|3
8279|4
8280|4
8281|4
8282|203
8283|7
8284|10
8285|11
8286|6
8287|14
8288|270
8289|271
8290|3
8291|187
8292|612
8293|7
8294|10
8295|556
8296|360
8297|5
8298|8
8299|2
8300|13
8301|16
8302|8
8303|11
8304|509
8305|530
8306|15
8307|10
8308|10
8309|1
8310|2
8311|178
8312|2
8313|175
8314|249
8315|2
8316|333
8317|0
8318|2
8319|271
8320|311
8321|5
8322|3
8323|3
8324|12
8325|3
8326|150
8327|10
8328|5
8329|16
8330|13
8331|475
8332|4
8333|4
8334|2
8335|4
8336|4
8337|4
8338|11
8339|11
8340|14
8341|9
8342|209
8343|163
8344|2
8345|11
8346|4
8347|14
8348|2
8349|4
8350|6
8351|3
8352|4
8353|5
8354|2
8355|12
8356|5
8357|5
8358|4
8359|11
8360|1
8361|7
8362|6
8363|6
8364|4
8365|5
8366|5
8367|3
8368|1
8369|4
8370|347
8371|11
8372|232
8373|11
8374|3
8375|6
8376|6
8377|3
8378|3
8379|3
8380|5
8381|6
8382|8
8383|4
8384|2
8385|8
8386|4
8387|3
8388|5
8389|19
8390|3
8391|6
8392|4
8393|2
8394|4
8395|2
8396|12
8397|5
8398|2
8399|9
8400|11
8401|12
8402|3
8403|8
8404|3
8405|308
8406|13
8407|2
8408|1
8409|3
8410|2
8411|2
8412|2
8413|2
8414|6
8415|2
8416|10
8417|11
8418|12
8419|115
8420|0
8421|2
8422|5
8423|2
8424|4
8425|2
8426|2
8427|4
8428|1
8429|2
8430|5
8431|3
8432|2
8433|9
8434|4
8435|236
8436|3
8437|9
8438|8
8439|409
8440|3
8441|20
8442|2
8443|6
8444|4
8445|3
8446|3
8447|10
8448|12
8449|12
8450|6
8451|164
8452|11
8453|8
8454|8
8455|9
8456|15
8457|239
8458|5
8459|2
8460|3
8461|10
8462|4
8463|281
8464|337
8465|431
8466|328
8467|101
8468|99
8469|131
8470|9
8471|246
8472|271
8473|3
8474|2
8475|5
8476|14
8477|2
8478|7
8479|4
8480|4
8481|11
8482|176
8483|2
8484|9
8485|2
8486|3
8487|13
8488|5
8489|12
8490|6
8491|22
8492|481
8493|8
8494|470
8495|380
8496|5
8497|301
8498|238
8499|2
8500|3
8501|4
8502|2
8503|5
8504|2
8505|4
8506|4
8507|5
8508|5
8509|5
8510|5
8511|6
8512|6
8513|5
8514|6
8515|4
8516|6
8517|5
8518|2
8519|2
8520|193
8521|11
8522|11
8523|4
8524|3
8525|8
8526|8
8527|9
8528|8
8529|8
8530|3
8531|5
8532|4
8533|5
8534|5
8535|4
8536|6
8537|6
8538|5
8539|4
8540|5
8541|5
8542|1
8543|6
8544|2
8545|4
8546|4
8547|262
8548|315
8549|7
8550|2
8551|10
8552|10
8553|14
8554|10
8555|2
8556|5
8557|0
8558|258
8559|9
8560|8
8561|399
8562|4
8563|9
8564|10
8565|8
8566|8
8567|11
8568|3
8569|182
8570|3
8571|3
8572|3
8573|351
8574|220
8575|2
8576|2
8577|2
8578|204
8579|189
8580|2
8581|6
8582|2
8583|2
8584|2
8585|18
8586|4
8587|3
8588|2
8589|1
8590|1
8591|4
8592|4
8593|18
8594|5
8595|4
8596|4
8597|3
8598|0
8599|3
8600|4
8601|16
8602|0
8603|0
8604|390
8605|2
8606|5
8607|5
8608|3
8609|210
8610|2
8611|5
8612|4
8613|9
8614|8
8615|5
8616|3
8617|4
8618|2
8619|3
8620|2
8621|94
8622|187
8623|136
8624|5
8625|2
8626|2
8627|5
8628|5
8629|2
8630|2
8631|4
8632|4
8633|3
8634|4
8635|2
8636|3
8637|2
8638|218
8639|423
8640|284
8641|304
8642|225
8643|393
8644|1
8645|8
8646|168
8647|2
8648|168
8649|335
8650|2
8651|6
8652|1
8653|1
8654|242
8655|3
8656|5
8657|378
8658|378
8659|0
8660|2
8661|9
8662|3
8663|2
8664|191
8665|0
8666|124
8667|2
8668|137
8669|1
8670|363
8671|245
8672|3
8673|190
8674|264
8675|393
8676|214
8677|12
8678|2
8679|2
8680|5
8681|4
8682|2
8683|2
8684|232
8685|267
8686|0
8687|166
8688|0
8689|343
8690|278
8691|361
8692|208
8693|3
8694|307
8695|0
8696|1
8697|6
8698|1
8699|0
8700|9
8701|7
8702|5
8703|173
8704|215
8705|0
8706|0
8707|0
8708|0
8709|255
8710|0
8711|0
8712|4
8713|0
8714|1
8715|0
8716|1
8717|2
8718|3
8719|0
8720|9
8721|12
8722|1
8723|9
8724|1
8725|1
8726|0
8727|125
8728|145
8729|8
8730|9
8731|12
8732|6
8733|0
8734|2
8735|3
8736|1
8737|88
8738|11
8739|0
8740|7
8741|1
8742|3
8743|6
8744|1
8745|1
8746|8
8747|2
8748|1
8749|6
8750|12
8751|95
8752|8
8753|6
8754|1
8755|0
8756|0
8757|2
8758|6
8759|2
8760|4
8761|0
8762|4
8763|8
8764|1
8765|4
8766|6
8767|1
8768|85
8769|0
8770|141
8771|7
8772|1
8773|6
8774|12
8775|25
8776|1
8777|5
8778|1
8779|8
8780|2
8781|2
8782|8
8783|14
8784|1
8785|2
8786|0
8787|2
8788|1
8789|4
8790|6
8791|0
8792|0
8793|6
8794|35
8795|44
8796|5
8797|1
8798|0
8799|2
8800|0
8801|2
8802|1
8803|6
8804|1
8805|4
8806|14
8807|13
8808|5
8809|2
8810|2
8811|1
8812|2
8813|5
8814|1
8815|116
8816|9
8817|91
8818|13
8819|5
8820|79
8821|8
8822|9
8823|7
8824|11
8825|8
8826|13
8827|1
8828|4
8829|6
8830|8
8831|8
8832|1
8833|0
8834|1
8835|0
8836|0
8837|1
8838|1
8839|1
8840|1
8841|0
8842|1
8843|1
8844|3
8845|2
8846|1
8847|0
8848|2
8849|0
8850|3
8851|23
8852|8
8853|7
8854|8
8855|6
8856|125
8857|0
8858|2
8859|0
8860|0
8861|0
8862|10
8863|8
8864|9
8865|0
8866|0
8867|4
8868|123
8869|12
8870|8
8871|2
8872|1
8873|7
8874|0
8875|6
8876|6
8877|23
8878|31
8879|19
8880|7
8881|5
8882|10
8883|0
8884|6
8885|0
8886|9
8887|0
8888|3
8889|0
8890|2
8891|20
8892|108
8893|9
8894|9
8895|2
8896|0
8897|1
8898|1
8899|0
8900|1
8901|8
8902|1
8903|1
8904|2
8905|3
8906|0
8907|1
8908|0
8909|7
8910|7
8911|1
8912|2
8913|1
8914|4
8915|1
8916|5
8917|3
8918|6
8919|1
8920|6
8921|0
8922|5
8923|6
8924|2
8925|106
8926|2
8927|8
8928|7
8929|7
8930|11
8931|8
8932|8
8933|7
8934|9
8935|8
8936|9
8937|0
8938|1
8939|1
8940|5
8941|0
8942|1
8943|2
8944|0
8945|0
8946|0
8947|2
8948|1
8949|1
8950|1
8951|0
8952|0
8953|0
8954|0
8955|0
8956|4
8957|2
8958|2
8959|0
8960|0
8961|2
8962|6
8963|1
8964|6
8965|67
8966|96
8967|2
8968|2
8969|2
8970|2
8971|2
8972|3
8973|0
8974|0
8975|28
8976|13
8977|8
8978|0
8979|10
8980|51
8981|1
8982|1
8983|29
8984|0
8985|24
8986|2
8987|2
8988|1
8989|9
8990|5
8991|4
8992|8
8993|44
8994|2
8995|1
8996|63
8997|20
8998|32
8999|2
9000|0
9001|0
9002|1
9003|8
9004|2
9005|54
9006|6
9007|0
9008|0
9009|5
9010|8
9011|8
9012|2
9013|8
9014|1
9015|8
9016|2
9017|3
9018|109
9019|96
9020|109
9021|7
9022|0
9023|0
9024|1
9025|2
9026|10
9027|1
9028|2
9029|1
9030|25
9031|2
9032|1
9033|0
9034|4
9035|2
9036|7
9037|1
9038|1
9039|1
9040|1
9041|5
9042|6
9043|2
9044|0
9045|2
9046|2
9047|1
9048|8
9049|59
9050|5
9051|1
9052|2
9053|6
9054|5
9055|1
9056|0
9057|4
9058|1
9059|5
9060|2
9061|1
9062|1
9063|1
9064|3
9065|1
9066|2
9067|2
9068|1
9069|7
9070|9
9071|8
9072|13
9073|0
9074|0
9075|6
9076|1
9077|0
9078|0
9079|3
9080|3
9081|2
9082|1
9083|1
9084|1
9085|9
9086|3
9087|4
9088|40
9089|3
9090|12
9091|8
9092|8
9093|0
9094|6
9095|21
9096|0
9097|0
9098|5
9099|7
9100|5
9101|1
9102|5
9103|1
9104|5
9105|2
9106|2
9107|0
9108|11
9109|10
9110|10
9111|2
9112|0
9113|0
9114|1
9115|0
9116|0
9117|0
9118|1
9119|2
9120|2
9121|0
9122|1
9123|0
9124|0
9125|6
9126|0
9127|1
9128|36
9129|8
9130|4
9131|8
9132|15
9133|0
9134|5
9135|1
9136|5
9137|3
9138|1
9139|1
9140|49
9141|1
9142|1
9143|6
9144|6
9145|1
9146|0
9147|7
9148|1
9149|13
9150|2
9151|1
9152|1
9153|1
9154|2
9155|1
9156|0
9157|7
9158|4
9159|0
9160|7
9161|10
9162|6
9163|1
9164|2
9165|2
9166|133
9167|8
9168|9
9169|1
9170|2
9171|1
9172|0
9173|0
9174|2
9175|0
9176|2
9177|1
9178|8
9179|34
9180|1
9181|6
9182|0
9183|4
9184|1
9185|0
9186|0
9187|5
9188|1
9189|3
9190|1
9191|0
9192|0
9193|0
9194|0
9195|2
9196|10
9197|3
9198|8
9199|11
9200|3
9201|3
9202|7
9203|2
9204|2
9205|8
9206|10
9207|1
9208|8
9209|6
9210|7
9211|1
9212|1
9213|2
9214|7
9215|0
9216|1
9217|2
9218|0
9219|1
9220|5
9221|5
9222|1
9223|3
9224|1
9225|1
9226|0
9227|2
9228|1
9229|11
9230|11
9231|2
9232|3
9233|6
9234|5
9235|1
9236|25
9237|15
9238|3
9239|8
9240|6
9241|0
9242|1
9243|6
9244|1
9245|5
9246|1
9247|2
9248|0
9249|1
9250|2
9251|0
9252|0
9253|7
9254|10
9255|12
9256|3
9257|2
9258|13
9259|1
9260|9
9261|6
9262|142
9263|0
9264|1
9265|8
9266|198
9267|11
9268|2
9269|3
9270|9
9271|7
9272|8
9273|7
9274|8
9275|9
9276|12
9277|2
9278|1
9279|1
9280|0
9281|1
9282|1
9283|6
9284|1
9285|0
9286|0
9287|1
9288|0
9289|2
9290|0
9291|0
9292|0
9293|0
9294|0
9295|0
9296|72
9297|31
9298|7
9299|2
9300|2
9301|1
9302|3
9303|25
9304|0
9305|2
9306|2
9307|1
9308|2
9309|2
9310|3
9311|17
9312|1
9313|17
9314|0
9315|1
9316|27
9317|0
9318|39
9319|1
9320|16
9321|1
9322|30
9323|59
9324|0
9325|1
9326|1
9327|51
9328|5
9329|1
9330|2
9331|1
9332|4
9333|8
9334|2
9335|55
9336|0
9337|2
9338|34
9339|2
9340|8
9341|40
9342|115
9343|5
9344|76
9345|7
9346|7
9347|4
9348|2
9349|88
9350|1
9351|130
9352|2
9353|3
9354|6
9355|2
9356|1
9357|3
9358|1
9359|10
9360|2
9361|1
9362|1
9363|0
9364|4
9365|0
9366|0
9367|1
9368|1
9369|1
9370|7
9371|143
9372|2
9373|9
9374|1
9375|0
9376|4
9377|0
9378|5
9379|0
9380|22
9381|37
9382|4
9383|1
9384|1
9385|5
9386|1
9387|1
9388|28
9389|1
9390|0
9391|2
9392|1
9393|0
9394|1
9395|1
9396|5
9397|1
9398|1
9399|5
9400|6
9401|1
9402|1
9403|20
9404|3
9405|1
9406|0
9407|1
9408|1
9409|2
9410|1
9411|61
9412|1
9413|0
9414|1
9415|5
9416|0
9417|1
9418|1
9419|1
9420|2
9421|2
9422|6
9423|35
9424|1
9425|0
9426|0
9427|0
9428|2
9429|16
9430|1
9431|5
9432|2
9433|2
9434|6
9435|27
9436|3
9437|0
9438|31
9439|1
9440|2
9441|1
9442|0
9443|0
9444|0
9445|1
9446|1
9447|35
9448|18
9449|1
9450|1
9451|42
9452|12
9453|2
9454|5
9455|5
9456|1
9457|5
9458|5
9459|1
9460|1
9461|1
9462|1
9463|2
9464|5
9465|1
9466|60
9467|74
9468|32
9469|5
9470|1
9471|1
9472|2
9473|9
9474|6
9475|0
9476|0
9477|1
9478|2
9479|6
9480|2
9481|1
9482|1
9483|1
9484|2
9485|2
9486|2
9487|0
9488|0
9489|1
9490|0
9491|1
9492|5
9493|1
9494|5
9495|1
9496|2
9497|0
9498|1
9499|1
9500|2
9501|10
9502|3
9503|10
9504|58
9505|52
9506|5
9507|1
9508|1
9509|1
9510|7
9511|6
9512|2
9513|1
9514|8
9515|2
9516|8
9517|7
9518|0
9519|2
9520|0
9521|0
9522|1
9523|1
9524|1
9525|0
9526|7
9527|0
9528|1
9529|0
9530|1
9531|0
9532|0
9533|0
9534|0
9535|0
9536|0
9537|1
9538|1
9539|0
9540|0
9541|2
9542|1
9543|1
9544|0
9545|0
9546|2
9547|2
9548|2
9549|2
9550|2
9551|0
9552|1
9553|0
9554|1
9555|2
9556|1
9557|0
9558|22
9559|4
9560|0
9561|1
9562|0
9563|6
9564|1
9565|1
9566|1
9567|1
9568|1
9569|1
9570|2
9571|0
9572|2
9573|6
9574|0
9575|3
9576|2
9577|2
9578|2
9579|2
9580|0
9581|1
9582|1
9583|0
9584|35
9585|30
9586|0
9587|53
9588|0
9589|2
9590|24
9591|37
9592|1
9593|42
9594|5
9595|1
9596|54
9597|92
9598|2
9599|8
9600|8
9601|1
9602|31
9603|0
9604|1
9605|1
9606|1
9607|1
9608|16
9609|0
9610|0
9611|1
9612|0
9613|1
9614|0
9615|2
9616|1
9617|0
9618|0
9619|3
9620|1
9621|0
9622|1
9623|5
9624|2
9625|1
9626|6
9627|0
9628|0
9629|2
9630|0
9631|1
9632|15
9633|3
9634|4
9635|6
9636|1
9637|1
9638|3
9639|2
9640|6
9641|37
9642|4
9643|6
9644|6
9645|3
9646|0
9647|2
9648|1
9649|6
9650|2
9651|4
9652|1
9653|2
9654|1
9655|1
9656|1
9657|2
9658|2
9659|0
9660|2
9661|2
9662|1
9663|4
9664|0
9665|2
9666|0
9667|2
9668|2
9669|2
9670|1
9671|0
9672|0
9673|2
9674|1
9675|2
9676|0
9677|4
9678|7
9679|7
9680|5
9681|120
9682|4
9683|2
9684|1
9685|7
9686|44
9687|0
9688|8
9689|1
9690|5
9691|1
9692|1
9693|12
9694|2
9695|0
9696|0
9697|0
9698|0
9699|0
9700|0
9701|0
9702|0
9703|2
9704|0
9705|0
9706|0
9707|1
9708|0
9709|4
9710|7
9711|8
9712|11
9713|7
9714|138
9715|9
9716|7
9717|13
9718|9
9719|107
9720|125
9721|11
9722|8
9723|110
9724|13
9725|9
9726|115
9727|1
9728|0
9729|2
9730|51
9731|1
9732|1
9733|5
9734|1
9735|2
9736|1
9737|1
9738|53
9739|22
9740|2
9741|8
9742|10
9743|8
9744|0
9745|1
9746|1
9747|1
9748|1
9749|1
9750|1
9751|0
9752|0
9753|0
9754|0
9755|0
9756|2
9757|26
9758|22
9759|0
9760|17
9761|1
9762|17
9763|43
9764|19
9765|1
9766|21
9767|30
9768|44
9769|32
9770|31
9771|31
9772|25
9773|22
9774|26
9775|32
9776|31
9777|19
9778|0
9779|0
9780|2
9781|0
9782|0
9783|1
9784|6
9785|1
9786|2
9787|1
9788|2
9789|1
9790|0
9791|2
9792|75
9793|52
9794|70
9795|56
9796|49
9797|47
9798|45
9799|29
9800|71
9801|41
9802|36
9803|87
9804|45
9805|32
9806|45
9807|67
9808|30
9809|35
9810|32
9811|48
9812|47
9813|42
9814|32
9815|40
9816|101
9817|65
9818|144
9819|32
9820|77
9821|38
9822|46
9823|114
9824|40
9825|46
9826|65
9827|54
9828|38
9829|2
9830|2
9831|2
9832|1
9833|95
9834|116
9835|8
9836|8
9837|8
9838|7
9839|92
9840|2
9841|8
9842|7
9843|43
9844|1
9845|30
9846|1
9847|37
9848|1
9849|1
9850|52
9851|7
9852|2
9853|3
9854|2
9855|0
9856|1
9857|1
9858|10
9859|31
9860|2
9861|1
9862|2
9863|47
9864|1
9865|2
9866|1
9867|1
9868|3
9869|1
9870|2
9871|1
9872|2
9873|0
9874|0
9875|1
9876|0
9877|0
9878|2
9879|1
9880|10
9881|3
9882|1
9883|0
9884|1
9885|0
9886|38
9887|1
9888|0
9889|8
9890|2
9891|5
9892|2
9893|6
9894|2
9895|5
9896|5
9897|5
9898|2
9899|1
9900|1
9901|1
9902|1
9903|1
9904|1
9905|1
9906|1
9907|2
9908|1
9909|1
9910|0
9911|21
9912|29
9913|0
9914|20
9915|29
9916|28
9917|21
9918|4
9919|3
9920|0
9921|2
9922|1
9923|1
9924|1
9925|1
9926|0
9927|1
9928|1
9929|1
9930|1
9931|1
9932|1
9933|1
9934|0
9935|1
9936|1
9937|0
9938|0
9939|0
9940|1
9941|1
9942|0
9943|1
9944|0
9945|0
9946|1
9947|1
9948|0
9949|0
9950|0
9951|1
9952|0
9953|1
9954|1
9955|0
9956|1
9957|2
9958|1
9959|1
9960|1
9961|1
9962|2
9963|28
9964|2
9965|1
9966|2
9967|1
9968|1
9969|0
9970|2
9971|2
9972|1
9973|1
9974|1
9975|1
9976|1
9977|1
9978|3
9979|1
9980|5
9981|1
9982|3
9983|0
9984|0
9985|1
9986|8
9987|0
9988|4
9989|5
9990|3
9991|5
9992|113
9993|2
9994|1
9995|1
9996|5
9997|427
9998|8
9999|2
10000|93
10001|0
10002|2
10003|2
10004|2
10005|8
10006|2
10007|2
10008|19
10009|0
10010|2
10011|0
10012|2
10013|60
10014|3
10015|0
10016|3
10017|2
10018|5
10019|1
10020|1
10021|1
10022|7
10023|5
10024|6
10025|7
10026|7
10027|7
10028|2
10029|0
10030|2
10031|2
10032|2
10033|2
10034|2
10035|4
10036|0
10037|0
10038|1
10039|1
10040|0
10041|7
10042|6
10043|5
10044|9
10045|0
10046|1
10047|4
10048|2
10049|2
10050|24
10051|5
10052|7
10053|25
10054|26
10055|47
10056|25
10057|6
10058|2
10059|5
10060|1
10061|0
10062|0
10063|2
10064|0
10065|1
10066|2
10067|2
10068|2
10069|2
10070|26
10071|22
10072|1
10073|1
10074|31
10075|2
10076|1
10077|2
10078|1
10079|2
10080|4
10081|0
10082|1
10083|94
10084|101
10085|142
10086|2
10087|73
10088|2
10089|2
10090|125
10091|139
10092|90
10093|2
10094|117
10095|13
10096|13
10097|1
10098|1
10099|1
10100|14
10101|3
10102|13
10103|19
10104|20
10105|2
10106|0
10107|2
10108|0
10109|0
10110|2
10111|1
10112|224
10113|106
10114|94
10115|8
10116|124
10117|2
10118|105
10119|3
10120|2
10121|7
10122|1
10123|1
10124|1
10125|1
10126|0
10127|1
10128|0
10129|1
10130|1
10131|1
10132|33
10133|1
10134|1
10135|1
10136|1
10137|1
10138|1
10139|1
10140|0
10141|1
10142|3
10143|0
10144|0
10145|1
10146|1
10147|1
10148|0
10149|0
10150|0
10151|0
10152|0
10153|2
10154|0
10155|0
10156|0
10157|1
10158|0
10159|0
10160|0
10161|0
10162|0
10163|0
10164|1
10165|2
10166|1
10167|0
10168|1
10169|0
10170|0
10171|0
10172|0
10173|1
10174|17
10175|1
10176|25
10177|23
10178|1
10179|3
10180|0
10181|2
10182|19
10183|0
10184|0
10185|0
10186|1
10187|0
10188|0
10189|0
10190|0
10191|1
10192|0
10193|0
10194|0
10195|0
10196|1
10197|1
10198|1
10199|1
10200|0
10201|1
10202|2
10203|0
10204|16
10205|0
10206|0
10207|1
10208|0
10209|0
10210|1
10211|0
10212|0
10213|1
10214|0
10215|0
10216|0
10217|0
10218|0
10219|0
10220|2
10221|2
10222|0
10223|1
10224|0
10225|0
10226|0
10227|2
10228|3
10229|1
10230|2
10231|1
10232|23
10233|19
10234|23
10235|1
10236|1
10237|58
10238|32
10239|1
10240|0
10241|1
10242|15
10243|37
10244|5
10245|1
10246|14
10247|51
10248|0
10249|17
10250|2
10251|1
10252|0
10253|2
10254|0
10255|0
10256|0
10257|0
10258|21
10259|2
10260|6
10261|0
10262|1
10263|1
10264|1
10265|0
10266|0
10267|0
10268|9
10269|2
10270|0
10271|0
10272|0
10273|1
10274|0
10275|1
10276|0
10277|0
10278|0
10279|0
10280|1
10281|0
10282|1
10283|0
10284|1
10285|1
10286|2
10287|4
10288|1
10289|1
10290|1
10291|1
10292|2
10293|2
10294|0
10295|1
10296|26
10297|3
10298|5
10299|15
10300|6
10301|117
10302|164
10303|0
10304|0
10305|0
10306|0
10307|0
10308|0
10309|0
10310|0
10311|0
10312|10
10313|22
10314|24
10315|35
10316|31
10317|36
10318|40
10319|42
10320|2
10321|15
10322|0
10323|0
10324|0
10325|0
10326|1
10327|20
10328|1
10329|14
10330|2
10331|20
10332|26
10333|4
10334|4
10335|3
10336|13
10337|2
10338|1
10339|1
10340|1
10341|2
10342|2
10343|2
10344|1
10345|1
10346|5
10347|4
10348|2
10349|4
10350|0
10351|0
10352|14
10353|2
10354|0
10355|2
10356|17
10357|14
10358|14
10359|14
10360|0
10361|13
10362|0
10363|1
10364|0
10365|0
10366|47
10367|0
10368|46
10369|31
10370|2
10371|3
10372|3
10373|2
10374|1
10375|1
10376|1
10377|3
10378|1
10379|1
10380|1
10381|1
10382|1
10383|0
10384|1
10385|11
10386|165
10387|137
10388|9
10389|88
10390|133
10391|123
10392|150
10393|5
10394|98
10395|81
10396|102
10397|91
10398|97
10399|32
10400|78
10401|0
10402|96
10403|103
10404|0
10405|92
10406|0
10407|0
10408|84
10409|0
10410|0
10411|0
10412|2
10413|25
10414|30
10415|28
10416|0
10417|31
10418|32
10419|27
10420|30
10421|27
10422|0
10423|0
10424|0
10425|1
10426|1
10427|1
10428|1
10429|0
10430|0
10431|1
10432|0
10433|1
10434|0
10435|1
10436|0
10437|0
10438|1
10439|3
10440|3
10441|0
10442|0
10443|1
10444|28
10445|14
10446|16
10447|18
10448|18
10449|2
10450|87
10451|0
10452|0
10453|0
10454|0
10455|15
10456|0
10457|16
10458|0
10459|2
10460|1
10461|0
10462|0
10463|0
